ticker,daily_volume,market_cap,avg_daily_returns,avg_anual_returns,avg_daily_volatility,avg_anual_volatility,sharpe_ratio,trynor_ratio,information_ratio,beta,dia_invertir
A,1570100.0,39218958336,0.0007150040601153003,0.19735701320956878,0.01850330124027705,0.29373080109291644,0.5517195084975272,0.1573203896368571,0.6718975758593954,1.0148526429289,0
AAL,20920560.0,9107004416,-0.0002736532704600167,-0.06664537712869456,0.03846749419064824,0.6106525391296627,-0.16694498195977864,-0.07358573175769344,-0.1091379677609814,1.4180110007234545,2
AAP,1790403.3333333333,6860349440,0.0003413696829655543,0.0898177498156314,0.021531695737815746,0.3418050733666192,0.15949953369228026,0.058602138642668444,0.2627747708100667,0.8893489388403355,4
AAPL,64353450.0,2494322442240,0.001247074416583405,0.36898140214366215,0.020882023767898373,0.3314918505695944,1.0066051445014577,0.2660412717942462,1.1130934335479148,1.2452255994320762,0
ABBV,6754833.333333333,279175168000,0.0007015871189476304,0.19331835821363508,0.017807055850533476,0.282678248176496,0.559004306956696,0.22881074489525585,0.6838812659293572,0.6801182273361921,0
ABC,1279576.6666666667,31956764672,0.0006272533760124355,0.17118762394154285,0.01873101290531022,0.2973456117107537,0.45700228484868,0.17284087312611496,0.5757193555224469,0.7723151447177795,0
ABT,5382153.333333333,168772321280,0.0005975147103297927,0.1624487132969077,0.016711623718381904,0.2652888021775622,0.47928413205999154,0.14307465129511499,0.6123466650815441,0.8719134533453656,0
ACGL,2675073.3333333335,24888059904,0.0008275021695450887,0.2317603370270811,0.020401666495017894,0.32386641526257676,0.6066091689927146,0.19373285475734522,0.7156047249887888,1.001690380654051,0
ACN,2677476.6666666665,182353592320,0.0006575234533531916,0.18014989448960161,0.017973126054660855,0.2853145309382887,0.507684953911203,0.12793077053980156,0.6314080600702621,1.1134920386122655,0
ADBE,3636923.3333333335,171232280576,0.0008429251467449063,0.23655298937006286,0.023558048745879648,0.3739724301332077,0.5381492675766961,0.15258961277817587,0.6325412525351227,1.3031882429581982,4
ADI,3656496.6666666665,92874612736,0.0008623376272666639,0.24261178034547548,0.021948122367902095,0.3484156411816982,0.5950128405325027,0.1625424580176259,0.6963286134991679,1.2606661843593818,0
ADM,3073673.3333333335,42923253760,0.0007624859300879118,0.21175925946611995,0.017208421429126538,0.2731752213447812,0.6459563155012743,0.21302290559938658,0.775177406002184,0.8170917534730179,0
ADP,2112530.0,88733474816,0.0007060465038758221,0.1946591771715147,0.017653002297599994,0.2802327238386085,0.5686672669366508,0.1505915055778352,0.694633997432872,1.0422844008979528,0
ADSK,1634636.6666666667,42370244608,0.0008097661400814485,0.22627177729833137,0.026093032754780976,0.4142140537236785,0.4610461078795949,0.1345712894585684,0.5462677455393073,1.4012779253065606,4
AEE,1286650.0,22159792128,0.0005106052325362207,0.13728026476170174,0.015900221403985712,0.2524081897548748,0.404029143668989,0.15473889431756346,0.5438819750461383,0.643537393755301,0
AEP,3150973.3333333335,45746216960,0.0003993384274913824,0.10584881195763951,0.014864103277166602,0.2359603244001781,0.2989859084868518,0.1266029771249869,0.4485873302077881,0.5382875940615569,0
AES,4533596.666666667,15340880896,0.0009406675751012151,0.26736102690272134,0.022682398207794687,0.3600719087781715,0.6444852298813638,0.2198430873917786,0.7425212030840032,1.0446588502164107,0
AFL,2636393.3333333335,38880161792,0.0005643126840270646,0.15276878399468186,0.01972211894269653,0.31307893229766687,0.3752050102272476,0.1178525420530791,0.4879561293809239,0.9763793125722865,0
AIG,6536523.333333333,35019231232,0.00026325466174681835,0.0685808333036273,0.02527967586091497,0.401302413313822,0.08293205373176113,0.0248795656047594,0.17089564136260624,1.2412127202783585,0
AIZ,452163.3333333333,6146762752,0.000370034880881959,0.09771587271794724,0.01888023337548245,0.2997144132383288,0.20825115496969773,0.07095526463690598,0.3260299418441545,0.8458269167913324,0
AJG,1071273.3333333333,39929270272,0.0010300422090888499,0.29620017764728734,0.01604003545378335,0.25462766898821887,1.0246340418698123,0.2949500777322797,1.163267836619091,0.8764201034790802,0
AKAM,2279783.3333333335,11967616000,0.0002958814157277274,0.07740038452642084,0.018958319805887892,0.30095399689205815,0.13988976707799233,0.05131829522067374,0.2571834410764835,0.77361074360918,4
ALB,1925063.3333333333,25589950464,0.0008890380510925139,0.25099352910174555,0.02988493699961252,0.4744086674868451,0.45465764831905503,0.1646906563157692,0.5290660696217262,1.2951161521439791,0
ALGN,965803.3333333334,23388360704,0.0008250248702364529,0.2309922488101701,0.034444681663512305,0.5467923700226409,0.35789133049180466,0.12301500996879004,0.42244965634872605,1.57128994956965,4
ALK,1588010.0,5077447168,-2.8469402048398522e-05,-0.007148716932062205,0.02932570228224213,0.46553109156679184,-0.09118341975655539,-0.03492331878033795,-0.015356046162249823,1.2842054678180332,2
ALL,2150126.6666666665,28002510848,0.00028594423414307407,0.07470654905402418,0.017634359754363442,0.2799367826393504,0.14076945759854873,0.04337494954834736,0.2668693565370811,0.8531779158100297,0
ALLE,937186.6666666666,9157540864,0.00041354361598070085,0.10981290699110913,0.018934037413883796,0.3005685258691744,0.24790655234321393,0.07011840696127344,0.36535065231316455,1.0284447424901888,3
AMAT,7076650.0,98371739648,0.0010912932031917348,0.316341029457857,0.029167062747641158,0.4630127670268487,0.6069833263184303,0.17161571013244054,0.683223124686567,1.6236335778514805,0
AMCR,8801223.333333334,16388152320,0.00029082265098248996,0.07602818249744292,0.018490573901978606,0.2935287608609796,0.13875363483284864,0.04813564426043444,0.25901442255415374,0.7962536512458636,0
AMD,66218820.0,152373035008,0.002285860790783208,0.7778051661628362,0.035691898619118194,0.5665913253954985,1.3104774691785908,0.45681868942380865,1.3727798702528737,1.6201289117490805,4
AME,1038013.3333333334,32501858304,0.0006799665441399305,0.18683884390718886,0.01760464961232352,0.2794651487558261,0.5422459458069713,0.13829254404239189,0.6685586547696272,1.0784301130614256,0
AMGN,2515630.0,127342592000,0.0004698244405299974,0.12565822687276373,0.016151737851019466,0.256400889571838,0.35240995857562074,0.12699967910455642,0.49008498793666244,0.6925862135474327,0
AMP,732890.0,31515269120,0.0008397184275906037,0.23555498221546478,0.025407743462038154,0.4033354234552814,0.49649738299682833,0.12670241955249995,0.5840175906135883,1.5615722486931853,0
AMT,2230836.6666666665,89809141760,0.0004804106300546358,0.12866374675347814,0.018073435818614546,0.286906899075247,0.3254147845674204,0.11134947903791645,0.448451212460156,0.8169211705292612,0
AMZN,57883913.333333336,996447420416,0.0006368386098274907,0.1740182311468832,0.02265953725363497,0.35970900238153,0.3856401430836305,0.12001657514301232,0.48377502368514125,1.1358283719098443,4
ANET,2779773.3333333335,50089897984,0.0011887922175400443,0.34904605024666524,0.0273162214128646,0.43363157169850297,0.7235313817620452,0.2528801869613451,0.8049368935003454,1.2311998578767942,0
ANSS,620020.0,27668062208,0.0008197177322090375,0.2293483726552641,0.022112553599258674,0.351025906057348,0.5528035660808519,0.14901875442312681,0.6533659445003892,1.2860688132655698,4
AON,919046.6666666666,63388876800,0.0008270845377901615,0.23163081659189633,0.0166915802486038,0.2649706219589,0.7409531484677178,0.2378760236506595,0.874175464734445,0.8152600401488956,0
AOS,1035220.0,10284858368,0.0003280648025815406,0.0861711136079748,0.019312076203122558,0.30656970560274477,0.16593653149112508,0.05566280845877166,0.2810816334202178,0.8707989221182829,0
APA,6678540.0,11163212800,0.000962850417700323,0.27445873638204676,0.04447612964659955,0.7060366699414168,0.3387341572526125,0.14848223713472047,0.38873156036614914,1.5945256547234772,0
APD,1144380.0,60748587008,0.0006170174456178618,0.1681723652334528,0.017614681442040325,0.27962439911557985,0.47518158520398424,0.13988685390159714,0.6014223571525333,0.9326992608271331,0
APH,2455293.3333333335,46432702464,0.0006309522470796698,0.17227912804643397,0.017339376151570975,0.275254063116366,0.49764616186074195,0.12467438026573792,0.6258913169016563,1.0794449329492115,0
APTV,1923973.3333333333,29267656704,0.0006167138544223065,0.1680830527388093,0.028983149178736713,0.4600932296305396,0.2886003187776436,0.08987086219372441,0.36532389940574,1.450782261972266,0
ARE,1494453.3333333333,20509079552,0.00019077117511712242,0.04924383869859095,0.017456492142257245,0.277113221831795,0.050318200648883954,0.01285609889033086,0.17770295611690978,0.8979270303585742,0
ATO,871630.0,15756520448,0.0004149521880421823,0.11020675310334949,0.015780474670299343,0.2505072692889963,0.29902027719975555,0.11564091064806561,0.4399343516702906,0.6269991536473805,0
ATVI,6185196.666666667,66153508864,0.0004624216624561784,0.12356124538542135,0.021680581688154156,0.3441685645564609,0.2564477249662994,0.12814558351357372,0.359013745327549,0.6700289079906259,0
AVB,864006.6666666666,22012215296,0.00020987598387094185,0.054306493529733046,0.01820853389454325,0.28905151454431105,0.06575469275674523,0.019674788313892376,0.18787825282751794,0.8440494131267068,0
AVGO,2428620.0,260452433920,0.0010703528913926135,0.30942050793051856,0.02321833366669331,0.3685796204363337,0.7437212822727636,0.21229410849527172,0.8394943474200198,1.2799248639373824,0
AVY,536253.3333333334,13996980224,0.0005681556147709683,0.15388505501684224,0.019950723170939218,0.3167079119171949,0.3744303522415537,0.1125502498677802,0.4858895191007302,1.032294954061249,0
AWK,1656006.6666666667,27483811840,0.0005611809969547454,0.15185990614965506,0.016738030719504072,0.26570800032460373,0.4386766902285929,0.1626062951297586,0.5715292951816826,0.7020632630400706,0
AXP,3354820.0,118462750720,0.000710552018143479,0.19601538993623335,0.023587307730947197,0.374436902121825,0.4292188858136204,0.12174189420206936,0.5234937817973366,1.3004183233214577,0
AZO,154393.33333333334,44250513408,0.0010569300141719516,0.30500348065338034,0.018253552617962014,0.28976616462335697,0.9307625029442121,0.37211987460795737,1.0525848697684532,0.7183262676711231,0
BA,5892236.666666667,122807328768,0.00023852574925257267,0.06194413859175296,0.03160252157229887,0.5016744772971404,0.05311041282247993,0.01624582954241173,0.1234747657993046,1.4923299871182736,2
BAC,71400836.66666667,224939769856,0.00029733151806545237,0.077794049571833,0.022226080914647207,0.3528280963185332,0.12043839483086227,0.03278594602059913,0.2204871164840584,1.2229035436904048,0
BALL,1760910.0,16757254144,0.0004620799113831573,0.12346453173417449,0.019397363082546856,0.3079235928410654,0.2863195084232489,0.1062077795938613,0.40095833708299394,0.8075164744253028,4
BAX,6308293.333333333,20145090560,-0.00018578018116993886,-0.045741762530592034,0.017392985595336394,0.2761050866531328,-0.2935178178459411,-0.11682382151076245,-0.1656679457994079,0.7142529789860103,4
BBWI,3488726.6666666665,8702259200,0.0006546659653347511,0.17930094660041052,0.038765468068890384,0.6153827278037955,0.23400225598519367,0.09977098740436476,0.2913649319348099,1.41925974959546,0
BBY,2750063.3333333335,15987132416,0.00048525818818859353,0.1300426813354678,0.024985779936227248,0.3966369601454675,0.23886498449544571,0.07940429311232187,0.3278632462485956,1.162943182490698,4
BDX,1031580.0,68485681152,0.00027513536657484754,0.0717840280634452,0.015637141218962605,0.2482319212882348,0.14697556975793505,0.05579245013265891,0.289181293408647,0.6109075328723307,0
BEN,3874060.0,13194441728,0.00011407286802923615,0.02916183987815013,0.023346777035045327,0.3706185956976231,-0.016561932383063187,-0.0072050439320549406,0.07868423283850123,1.1850254075292932,0
BF-B,1207496.6666666667,30294134784,0.0003270727415274142,0.08589969433407174,0.016865288023418343,0.26772814739664613,0.18899654304598387,0.06298681253925198,0.3208467065168502,0.7652346958188234,0
BG,2739990.0,14482851840,0.0006094484735570057,0.1659477020576876,0.02118228937219986,0.336258419267084,0.38853362346272285,0.16293440318390473,0.49351240756853243,0.7871124793266274,0
BIIB,928916.6666666666,39047340032,0.0003109680458622526,0.08150302747946281,0.03174793634821111,0.5039828653012484,0.09167579031054088,0.050991729103935284,0.1617178540995547,0.8590222031926019,3
BIO,202760.0,13956812800,0.0007312595117345933,0.20226833602808347,0.021228732877541352,0.33699568705797006,0.4954613439885406,0.18434345572626032,0.6002104590534099,0.8927267603817637,0
BK,5878533.333333333,35113775104,0.00014948149180733778,0.038384895350332515,0.020014723174945105,0.31772388048423517,0.009709359414945152,0.000672252823230815,0.12081211928996662,1.0188062090106864,0
BKNG,348226.6666666667,95819702272,0.0005246499491739446,0.14131044669393344,0.023098173163229895,0.3666721315788746,0.28911509101457195,0.09118433855540628,0.38538638343049597,1.1362745876692049,0
BKR,6656016.666666667,28082507776,0.0004076279225425012,0.1081603587231652,0.02871542914505057,0.45584330584979943,0.15983641261844642,0.0599640489741896,0.2372753034543938,1.1750433789668464,0
BLK,735373.3333333334,97088512000,0.0004919270833606823,0.13194245533439908,0.0202809315150145,0.3219498068727647,0.300178640494083,0.07573155003801257,0.409823060979636,1.2444279205574846,0
BMY,7924353.333333333,143445049344,0.0003169228489259031,0.08312665031898137,0.01513767504593235,0.2403031415954715,0.199026321509742,0.08243007720702578,0.34592410971853843,0.551093142917856,0
BR,608660.0,16551166976,0.0005453267533099961,0.14726963089838252,0.01695218501677906,0.2691075944013162,0.4160775586712126,0.12341265711181827,0.5472518574810694,0.887831389928723,0
BRK-B,4411506.666666667,662851682304,0.0004293914499335392,0.11425210335242486,0.014503049538849639,0.23022877399107683,0.34292891363563827,0.08652003392331656,0.4962546660516597,0.8847904916481383,0
BRO,1102260.0,15824672768,0.0007655279177276451,0.2126878173891802,0.016539584580795946,0.2625577655346274,0.6756144387044817,0.19388192682697147,0.8100610429712463,0.9025483718518373,0
BSX,7755586.666666667,69854240768,0.0006719433433681463,0.18444327967311436,0.018877764024681463,0.2996752135096137,0.4976830680336857,0.14979035170929605,0.6154772612423528,0.979657754979471,0
BWA,2157316.6666666665,11144529920,0.0002721646828791131,0.07098219695524977,0.02332531533737543,0.3702779018091363,0.09636599100543283,0.0306966355955509,0.1916997925299855,1.084229470413807,0
BXP,1932420.0,7982291456,-0.0003432898201955053,-0.08288635850072601,0.021597421571152565,0.3428484386249494,-0.34471896379266603,-0.12056666413213227,-0.24175801655435714,1.0001633483744077,2
C,22634226.666666668,88018927616,3.7903539186289644e-05,0.009597272118217814,0.024257667381913667,0.38507853167440104,-0.06674671727354264,-0.021344664372917845,0.02492289579605202,1.3166160587392033,0
CAG,4339440.0,17768468480,0.0002862562837379376,0.07479103936263742,0.018426426547416958,0.2925104531763828,0.13500727558212924,0.08808641030136125,0.2556867235015997,0.42107561468042065,3
CAH,2528200.0,18671099904,0.00044863733474951657,0.11966692785101207,0.02077295663297484,0.3297604634782864,0.2558430654818853,0.10201345539353647,0.362890464759708,0.8034913388122079,0
CAT,3263053.3333333335,113678737408,0.0005666628023402368,0.15345130416591002,0.020917972946052174,0.3320625260809871,0.35581041185326034,0.11196338275216634,0.4621156924177726,1.0338317878634333,0
CB,1982820.0,78384193536,0.0004559807714430892,0.12173990290928227,0.0178305100732477,0.28305057241947296,0.30538678007398895,0.09812235213718631,0.4300994761065778,0.8564807210469725,0
CBOE,747906.6666666666,13933755392,0.00022733028200465436,0.05895303849107747,0.018196313366697293,0.288857519678889,0.08188479398899354,0.034007439968799874,0.2040903714627652,0.624952613621492,0
CBRE,1786196.6666666667,21212106752,0.0006193203537479732,0.1688500717215886,0.023242982608208056,0.36897091025230766,0.3619528478011048,0.10565982137422528,0.4576243466080469,1.2412482816631132,0
CCI,2101826.6666666665,55259013120,0.00041427513934912623,0.11001742841552908,0.01764159933754519,0.2800517074595184,0.26679868904684156,0.09316605073136641,0.39284684036940626,0.776220821295174,0
CCL,38870933.333333336,12125454336,-0.000500481858211935,-0.11852002957062058,0.04377409691122653,0.6948922457612763,-0.2213581033734315,-0.08737688545645357,-0.17055886044717358,1.787887365800841,2
CDNS,2118380.0,55537721344,0.0014608709540883096,0.44465543507435856,0.02264281145542054,0.3594434885662034,1.1388589530645017,0.3300232107990183,1.2370663239666966,1.2331115562722992,0
CDW,792703.3333333334,25195706368,0.0010242507152976705,0.2943117480255826,0.020494693069215676,0.32534316634646254,0.7961186058838479,0.22044145301642235,0.9046194248695725,1.1640811857943325,0
CE,1422546.6666666667,11448222720,0.00032204811588614624,0.0845260376771364,0.02275511126563585,0.36122619278686013,0.1362748290686163,0.03879504063208519,0.23399753219725847,1.207010919803219,0
CF,3103600.0,13771091968,0.0008431705549076502,0.23662939928521642,0.027275818623801813,0.43299019730570176,0.4649744972010831,0.19187255261784716,0.5465005922943568,1.0367788230838018,0
CFG,7780306.666666667,14882814976,0.00027953058678550956,0.07297145938406424,0.027450484668493768,0.435762934806155,0.08644943471574064,0.025773764208719144,0.16745678339192593,1.3685024468460092,0
CHD,1327330.0,21086611456,0.0005888045491121098,0.15990149159724076,0.015216645668070917,0.24155676135782372,0.5158269671146387,0.2823385241650261,0.661962392186468,0.4328190492552633,4
CHRW,1175056.6666666667,11242160128,0.0003081542108756893,0.08073665735497215,0.017737360201965875,0.28157186405505663,0.1613678891797505,0.06637405608995735,0.28673552887083015,0.6483957722373361,0
CHTR,1119553.3333333333,52747030528,0.00019763253864188744,0.05105926451832943,0.01986424974262504,0.3153351887991879,0.049976231889442765,0.016618996373506615,0.16192060490542032,0.8038550715148042,4
CI,1764386.6666666667,76188958720,0.0004531309090764912,0.12093496318155861,0.021331406591815774,0.33862558174289065,0.2528898222656401,0.08809999350212538,0.3571347520736968,0.9447783123792238,0
CINF,960756.6666666666,16979723264,0.0006426575301849654,0.17573993439097557,0.021853947504976715,0.3469206615793733,0.4048185938295399,0.13465988666276305,0.5065709652198601,1.0251006280487773,0
CL,4192740.0,61863235584,0.0001769340661818328,0.04559221794345847,0.01355606670424984,0.21519588753388835,0.04782720553541101,0.014606370300968072,0.21186379751926604,0.5403271162401925,0
CLX,1039900.0,19342778368,0.0003150373929574138,0.08261230376686335,0.016952209129672654,0.2691079771816353,0.17581159898106535,0.14295522810489725,0.3069857112080476,0.3141704179850473,4
CMA,4853083.333333333,5623538176,5.01688292572158e-05,0.012722478641437052,0.02886874899201459,0.4582771829665031,-0.049266082182872296,-0.019214471297624092,0.027761536280471937,1.299932793969276,0
CMCSA,19652346.666666668,153675382784,0.00015333488888130188,0.039393562234721236,0.017908253644148952,0.28428471334730593,0.014399515846355763,0.0019330908678593232,0.13857080731103108,0.8760903395072496,0
CME,1902456.6666666667,67387064320,0.0004762295878181222,0.12747575527027388,0.017850146468036638,0.2833622905230174,0.32529294953164023,0.11608440774127139,0.44986845297934613,0.7733661825657572,0
CMG,262363.3333333333,45656072192,0.0016001261236711119,0.49617150602026006,0.024196069171497595,0.38410069039859573,1.19987158976985,0.4731263487258817,1.2917745748005927,0.9690255198318867,0
CMI,1265450.0,32439910400,0.0004692092898428418,0.12548382501865962,0.018563976890163716,0.29469399717434047,0.3060253207848921,0.09407444423464299,0.4258105907207319,0.9331314761712209,0
CMS,1787740.0,17624530944,0.00041476967773306184,0.11015571415835912,0.015102822689992287,0.23974987759693886,0.3122242017750039,0.13048541144931314,0.4594609818468812,0.5552782748169854,0
CNC,3682663.3333333335,34795847680,0.00044185894919658927,0.11775684752962023,0.023060991357735008,0.36608188871505953,0.22524153767628932,0.08651720986046665,0.3216680506728823,0.9253285867486298,0
CNP,4318686.666666667,18090856448,0.00034496939218565985,0.09080646170015072,0.019958334634800814,0.3168287401601405,0.17519389709435793,0.0601021113403924,0.2866105570291785,0.8836039286436821,0
COF,3325340.0,34848387072,0.0003735683892717016,0.09869339906170005,0.026984943416554545,0.4283726965401179,0.14798655370362324,0.04236371630023655,0.2303914321776977,1.4397556302528511,0
COO,338583.3333333333,17546881024,0.0005381545184738189,0.14519904559540753,0.018520880660856717,0.2940098657431949,0.37379373415788597,0.11466864958694405,0.49385773238722785,0.937475465025858,0
COP,7353243.333333333,119355129856,0.000951002801912176,0.2706630147210922,0.02801655612235762,0.44474904055345416,0.5292040977271182,0.19823788806162276,0.6085747017784997,1.1751689699633758,0
COST,1960200.0,215874224128,0.0009025032521270185,0.25524183686318347,0.015284115699626495,0.24262781490449817,0.906498856900458,0.2936781259282681,1.0519891833656845,0.7407492000828104,0
CPB,2471816.6666666665,16396310528,0.000378404656755657,0.10003273241438837,0.016812468933609392,0.2668896703399785,0.2425449150277278,0.20458655414153923,0.3748093071079194,0.304676583834853,0
CPRT,2134156.6666666665,34843713536,0.001111490101566009,0.32305037288617444,0.01975070693938667,0.3135327526760087,0.9177681452104091,0.2693132179096573,1.030356063693291,1.0595483396655894,0
CPT,980966.6666666666,10724417536,0.0003394815871181061,0.08929951408174364,0.017502558581860023,0.27784450388964577,0.1943515647269782,0.0639904279867968,0.32140104566261857,0.8063630093611845,0
CRL,663580.0,9783607296,0.0007183098004831864,0.19835416802839734,0.023503018469024865,0.37309885157038697,0.4370267218515851,0.13704495594273475,0.5316397174462405,1.1722734844435125,0
CRM,9109376.666666666,192300007424,0.0007616133032624881,0.21149302338898424,0.0246642699673126,0.39153314761480995,0.45000793537491957,0.13831393759239535,0.5401663299196596,1.2565112845036923,4
CSCO,20401123.333333332,206388363264,0.0004879404738001124,0.13080640429378687,0.01823098316657305,0.2894078856897428,0.3300062265620975,0.0926003337621256,0.4519794060968219,1.005465104833869,3
CSGP,2545996.6666666665,27416432640,0.0008688403539448129,0.2446479376504338,0.021983666851229815,0.3489798923618908,0.5998853866151715,0.20224960830955943,0.701037346291387,1.0232303507539218,4
CSX,15087306.666666666,59629797376,0.0005557194218802058,0.1502765559406145,0.01899795753484157,0.301583226332139,0.38124320552890684,0.10537971179269646,0.49829215559592244,1.06829439960963,0
CTAS,321696.6666666667,45081681920,0.0010205927658512228,0.29312041445334125,0.019670560952886936,0.3122604745828593,0.8256581778329674,0.2281992166032294,0.9387048259787385,1.119286990793844,0
CTLT,1734773.3333333333,11871532032,0.0007158860054115308,0.19762296534146984,0.026519400931562635,0.4209824386999762,0.38558132221081415,0.13955120611843227,0.4694328009304703,1.145980531373901,4
CTRA,11275800.0,18356785152,0.0003431015691749329,0.09029332579168248,0.025548047332456733,0.4055626783499257,0.13559759989609643,0.07090345553122195,0.22263716710583514,0.7417596984186942,0
CTSH,4422860.0,30022940672,0.00011361444414253124,0.02904296859974531,0.019962895885827607,0.31690114777544587,-0.019744426437635937,-0.007957871272476179,0.09164677630112268,1.0878576825182742,4
CVS,8219716.666666667,93894123520,0.00027668879445138345,0.07220355909510423,0.018083200226376082,0.28706190424306816,0.12855610079091628,0.046488618725050335,0.2515260925530761,0.7421936818379169,0
CVX,8820806.666666666,304094806016,0.0005829707087477466,0.15819853802750017,0.022214883193704217,0.35265033800933804,0.3484997029103822,0.115503857444777,0.44859885551367634,1.0432425435238053,0
CZR,3282823.3333333335,9412017152,0.0013177746734925892,0.39355858260715304,0.046162691867761486,0.732810015188404,0.48888330560690474,0.17103304073360887,0.5370540446366169,2.0806423196405524,0
D,4895436.666666667,45701816320,2.6962654558514295e-06,0.0006796888627220721,0.01650613045130362,0.2620266976928383,-0.13212512863044856,-0.05900290168132141,0.0025939679761901196,0.6274320428718418,4
DAL,9100876.666666666,20821030912,5.423823343911372e-05,0.013761493686472503,0.029591938142852013,0.4697574548303579,-0.04585027037262374,-0.018878769116323794,0.02929489153384942,1.2680120280102756,2
DD,3225446.6666666665,31891156992,3.183634807746415e-05,0.00805489955525407,0.022497143626600786,0.35713108347172456,-0.07628879620304187,-0.02564537141808554,0.02255446229141185,1.1559629986033158,0
DE,1636773.3333333333,117150900224,0.0009836104941341847,0.28113707150883616,0.021501965086170693,0.34133311390320703,0.720226258441919,0.23400675636478838,0.8236442936754127,1.040299328491811,0
DFS,2331433.3333333335,24421431296,0.000676118953381051,0.18568943009822791,0.029176588990024302,0.463163991436497,0.32470017721325245,0.09507478149342687,0.40091508306229634,1.556558193178276,0
DG,2156890.0,45602947072,0.0007728453081952682,0.21492433349518558,0.016797173639519023,0.26664686507362223,0.6736412724957056,0.3000522856808748,0.806026102860216,0.5906448374256853,0
DGX,1274936.6666666667,15450518528,0.0004862184795329689,0.13031604451898549,0.017004844615334067,0.26994353961281853,0.3519848804504361,0.14137447311514378,0.4827529664384578,0.6551115097246266,0
DHI,3172566.6666666665,32862707712,0.0008411378732767147,0.23599664841786017,0.025240103859150653,0.40067422726052565,0.5008973244674496,0.17461077907067812,0.5889988233867881,1.1356495256091526,0
DHR,2419880.0,179849248768,0.0009127367233817624,0.2584801327193791,0.017100333903502758,0.27145938506900813,0.8221492606072327,0.2509902931459296,0.9521871297751243,0.8796361403148533,0
DIS,9127466.666666666,173218119680,0.00011064120766377006,0.028272327550348475,0.020452334339244684,0.3246707423543278,-0.02164553664026156,-0.008976938474228377,0.08707999786286136,1.050210211055489,4
DISH,7991663.333333333,4610399744,-0.0008469760348550346,-0.19227077990527186,0.03125248921005025,0.4961178858091345,-0.4587030349331579,-0.16029083419686913,-0.3875505911093919,1.4347094832810083,4
DLR,2313726.6666666665,27205220352,0.0001847573688620398,0.047655233846171985,0.019007563388476093,0.3017357145312236,0.040947203964128244,0.01270243948249588,0.15793700099508975,0.7837261385807367,4
DLTR,2573343.3333333335,31339159552,0.00047028650889450763,0.12578924594052876,0.02380191853876656,0.3778437430787653,0.23948853884200852,0.11789258992309762,0.3329134020205457,0.7471991750965024,0
DOV,893480.0,20173150208,0.0006646468317205109,0.18226887184105278,0.0186529605770821,0.29610656941230656,0.49633776154560577,0.13320936882407297,0.6155515975306067,1.0852755561959164,0
DPZ,1031563.3333333334,11483708416,0.0006637448605398119,0.18200035484915644,0.020737503710224245,0.32919766577719567,0.44562999711074724,0.25177859947312514,0.552860405068413,0.5731239873091718,0
DRI,1468193.3333333333,18799771648,0.000843335596822281,0.23668078913151747,0.02785233138158664,0.44214205361422976,0.45546626358057946,0.16124267497999972,0.535304857786774,1.2340454483045429,0
DTE,1422950.0,21898975232,0.0003722681810999871,0.09833360258955115,0.01659801779329417,0.26348536402608874,0.23922999602858375,0.08340281898419405,0.37320328190910346,0.7269970407240316,0
DUK,3115483.3333333335,73018900480,0.0003773706483941228,0.09974624235551288,0.015047342882498487,0.23886916295645286,0.2697972461487705,0.10239486081542493,0.4175768907169368,0.6059507465648719,0
DVA,769013.3333333334,6992439808,0.0003030591199933133,0.07935034542282993,0.022324132731296686,0.3543846206532489,0.12430095115761647,0.05514610653777007,0.22391023988727504,0.7552726391355159,4
DVN,13472630.0,31764779008,0.0010070877933249889,0.2887315205518708,0.037779637607999586,0.5997331543974601,0.42257380418877855,0.17071309562155515,0.4814333148580948,1.4704877773897869,0
DXC,1760376.6666666667,5546333696,-0.00023424014503551277,-0.057326631344568724,0.03642201158005197,0.5781815093371933,-0.16020337878109003,-0.0589977824460174,-0.09914988704894064,1.6106814087718888,2
DXCM,2388636.6666666665,43979710464,0.0020608877973960675,0.680026058822683,0.0313081498497962,0.49700147107262976,1.2972316911481845,0.5970240783418965,1.3682576378598017,1.0758796539774456,0
EA,2337206.6666666665,32364388352,0.00026746652021487986,0.06971531344316073,0.019794965941864407,0.31423534255900004,0.10952082335136762,0.046770112311998645,0.22185700970307362,0.6845250494501669,0
EBAY,5609556.666666667,23016044544,0.00035250253791630935,0.09287844059599903,0.02084977261949073,0.33097987946049723,0.17396356748287195,0.06348665290393586,0.2806165762927718,0.8691345042160545,4
ECL,1283516.6666666667,45598441472,0.0003564233617322217,0.09395840715128645,0.0190538951714059,0.3024712087838066,0.1939305475954009,0.05297570652458945,0.31063587020093497,1.0619661509407767,4
ED,2126266.6666666665,33512695808,0.00035778311679364575,0.0943331914236527,0.015254577362713104,0.24215890834280654,0.24377873119614402,0.1158410836861842,0.3895507791524735,0.48888692699969166,0
EFX,720580.0,24081020928,0.0006283965861127147,0.17152486699491565,0.020360608109359298,0.3232146335964582,0.42146874811675733,0.13727397803650307,0.530684100179291,0.9748742544586982,0
EIX,2206793.3333333335,26286475264,0.0004159111595112777,0.11047496754919428,0.019731312780941628,0.313224879955211,0.24000318097318385,0.09508470993785649,0.35270176355400457,0.7653698223064155,3
EL,1212496.6666666667,85886402560,0.0007384492345816745,0.20444699007607436,0.02078954959715,0.33002386861861166,0.5125295657677026,0.15610645248424557,0.619491526270002,1.06816206135299,0
ELV,1118280.0,108881616896,0.0008178366107959614,0.22876622380394163,0.02115622664006297,0.33584468622075736,0.5760586120358399,0.20373815049114963,0.6811667213742041,0.9378028775825248,0
EMN,1017896.6666666666,9738340352,0.0002480637410242114,0.06449904746522495,0.021886811497398843,0.3474423612855993,0.08403997531326697,0.0230345449126645,0.185639561124806,1.1634285620503275,0
EMR,3435866.6666666665,47826178048,0.00043016529054376324,0.11446931906546953,0.020200415152935074,0.320671649249562,0.24688593223236954,0.06884100896029761,0.3569673818479165,1.1151684181407682,0
ENPH,3753766.6666666665,26414899200,0.004531118191562565,2.1244637303370206,0.05043260438889517,0.8005927750939273,2.6095210890354528,1.37636207619941,2.6536134179924042,1.5161444553160488,0
EOG,4667473.333333333,64890613760,0.0006079281703056746,0.16550136553366612,0.03026335731237242,0.48041590371855303,0.27101801694296807,0.11361824039870831,0.3444960174145764,1.124831409861537,0
EPAM,541800.0,16322874368,0.0012860616306226728,0.38248044707650775,0.03220782696309282,0.5112834024848658,0.6790371942237738,0.24553583894964767,0.7480791381406701,1.4041960169701022,0
EQIX,427563.3333333333,63376244736,0.0005801405067718598,0.15737327247518307,0.01896144090272138,0.3010035427682931,0.4055542713965755,0.14345167182710392,0.5228286385862444,0.8342410440459703,0
EQR,1979690.0,21956706304,0.00021452446945953674,0.055541988849440616,0.018388634138496368,0.2919105172836831,0.06934312966109797,0.02143336090833768,0.19027059855970882,0.832440088409093,0
EQT,7572756.666666667,11135123456,0.0006948638108013504,0.19129967044636187,0.03780331124726817,0.6001089617702553,0.2599522426497015,0.16495682170108875,0.31877489361606753,0.9311507633475947,0
ES,2140330.0,26561908736,0.00039537050580538426,0.10474404715542951,0.016655779591459374,0.26440230414543897,0.26264539327626524,0.10474434008582305,0.39615406338446,0.6400732211448988,0
ESS,549840.0,13364510720,0.00016044457903988886,0.04125715988423817,0.018724368429090532,0.2972401339207362,0.020041573140411596,0.004228018355820234,0.13880077141682368,0.8413302840422711,3
ETN,2112093.3333333335,65989763072,0.0008404902988460588,0.23579513354125137,0.019719986293548108,0.313045077541984,0.6404672934502923,0.17573214119865327,0.7532306062523143,1.1272561307798454,0
ETR,1473703.3333333333,22286524416,0.00047837175587703545,0.1280842701797622,0.01716154660300413,0.2724311065487655,0.34057883974844005,0.1252135048952237,0.4701528830623274,0.721841228351479,0
ETSY,3912336.6666666665,13095623680,0.0020203375792290875,0.6629804750989932,0.03999121174598986,0.634840805448086,0.9887210615832439,0.4292665648448206,1.0443255528148438,1.4566251516118693,4
EVRG,1501580.0,13600497664,0.0003677766247621065,0.0970915919245523,0.017259586588169375,0.2739874430644917,0.22552709435668436,0.08345141838811193,0.35436511556370376,0.7116906227805102,0
EW,3763553.3333333335,48963112960,0.0008189682781336903,0.22911640690296742,0.021317474867028237,0.3384044224681585,0.5727360342674133,0.1887007929933467,0.6770490918289511,1.0143911102149765,0
EXC,8867890.0,40587284480,0.0005603600602504023,0.15162177209421035,0.017478885222394706,0.2774687009585898,0.41922484118873843,0.1374853899345047,0.5464463976311289,0.828610022843012,0
EXPD,1361110.0,16202434560,0.0005554296998284803,0.15019262399312572,0.016875293330830526,0.26788697672786643,0.4288846938230956,0.13486582903043698,0.5606566837539819,0.8341076816999953,0
EXPE,2661900.0,14267498496,0.0002564536271795834,0.06675147804020831,0.03007968058796798,0.47750012611212245,0.06586695232164849,0.023118102578315234,0.13979363436761544,1.2566549500242543,4
EXR,1009213.3333333334,21492107264,0.0007367756901872166,0.20393951614382133,0.017817866728198975,0.2828498655390395,0.5962156489713635,0.24604913550552016,0.7210168396409338,0.675635440873523,0
F,75913603.33333333,46239690752,0.0004646820459705921,0.12420113018060452,0.026452750014861744,0.41992438819850597,0.21170747086634875,0.07237962443649398,0.29577022357151683,1.1951033298950147,0
FANG,2890746.6666666665,23997050880,0.0008715238734481411,0.24548917935642156,0.03805259847604391,0.6040662738444458,0.34795715049396675,0.15839088866559847,0.4063944470762457,1.311875835201069,0
FAST,3135163.3333333335,30049679360,0.0007753352925048411,0.21568631860562593,0.01866267258585852,0.29626074277202624,0.6088768863461397,0.18438533051911415,0.7280286837449718,0.9652954392007618,0
FCX,13441733.333333334,54895575040,0.001096759645872707,0.31815361171626155,0.03339017414978356,0.5300525822007892,0.533633117193482,0.1805999551712563,0.6002302835603238,1.5528996751428743,0
FDS,261690.0,15356950528,0.0007547177510980064,0.20939125733994945,0.018302924336746625,0.29054991636158034,0.5991784803107577,0.18322063617303985,0.720672234093396,0.9370737976141417,0
FDX,2241320.0,55408033792,0.0002237217352868963,0.057990730181449734,0.023703537737475015,0.37628199627476117,0.060302460404937794,0.018353819070898673,0.1541150805926545,1.105531775325288,0
FE,3648336.6666666665,22100101120,0.0005163461620845344,0.13892592943016147,0.018508252420942773,0.29380939864934236,0.35269780308776866,0.14206426410721662,0.47284372136770114,0.7125361896343316,2
FFIV,453726.6666666667,8407866368,0.00024016800599929266,0.062383608538194135,0.020063842263255433,0.31850362183800723,0.08503391070375023,0.025559756194043683,0.19586467550413852,0.9657215957304899,4
FICO,382823.3333333333,17093190656,0.0014693154194541209,0.44772843574723487,0.02583075083897144,0.4100504573879488,1.0057992335246593,0.30763810544507336,1.0918862000527874,1.3328272034247155,0
FIS,8054736.666666667,29981507584,-0.00017396330913715767,-0.042895375025040816,0.021629501020475776,0.34335768409558015,-0.2277373673200616,-0.07548151710462117,-0.12492912496782822,1.0677498030853245,4
FISV,4113230.0,69897863168,0.0005992525584405398,0.16295760035317475,0.01940611512767849,0.30806252725035455,0.4143886031598731,0.11867828029212076,0.5289757303741889,1.05543828276631,0
FITB,12320486.666666666,17938962432,0.0003863332057692154,0.10223194696662041,0.026859626691973493,0.42638335520996606,0.15697598451905043,0.04719971171294568,0.23976533257560637,1.3672106168589362,0
FLT,752206.6666666666,14862941184,0.0002736597213026573,0.07138565504610184,0.021796169180706478,0.34600345911623875,0.10429275805008348,0.029678535325187765,0.20631485947693967,1.1350174352274482,4
FMC,805700.0,14923183104,0.0005557075448892916,0.15027311507818886,0.020973751929023857,0.3329479899849501,0.3453185438464003,0.10878675941594312,0.45134110911731734,1.0348052987567053,0
FRC,53786290.0,2513956608,-0.0005724283563316922,-0.13436613500579853,0.035026900737030714,0.5560348112851697,-0.3051358144531405,-0.1461919235985104,-0.2416505806448278,1.1769879673951549,0
FRT,532200.0,7629683712,0.00012783654120086533,0.0327371961982712,0.022722522084919306,0.36070885558121624,-0.007104909574785205,-0.0050995981765425856,0.09075794977509273,0.9731754600895764,0
FSLR,2898306.6666666665,22388955136,0.0012837113309443775,0.38166293028997966,0.030137338180013573,0.47841541201060717,0.723979457171627,0.34262425112069406,0.7977647055432187,1.003907134900425,0
FTNT,4317193.333333333,50391916544,0.001879131621106009,0.6049567385140928,0.027417480230745195,0.4352390055994896,1.3088365959513646,0.4534763589599699,1.3899414591319483,1.2509069707957297,0
FTV,1912773.3333333333,23406497792,0.0002568064239017921,0.06684629722066138,0.018775620974631882,0.29805374285810476,0.10584096988065575,0.028293060168048903,0.22427598653738454,1.0301571144140862,0
GD,1197183.3333333333,61948002304,0.00031527903430420137,0.08267820918437097,0.016327142139279285,0.2591853463256166,0.18279663513403013,0.05465004184576324,0.318992606474371,0.8230224106929557,0
GE,8319646.666666667,101548670976,0.0002926639734634056,0.07652744401466505,0.027179353156741224,0.43145885549001367,0.09555359332662783,0.03413864310773151,0.17736904235689355,1.1373458485780195,0
GEN,5095436.666666667,10673455104,0.00035871138490225883,0.09458911999029107,0.02315364499873971,0.36755271966803815,0.16130779835839362,0.0866412767783917,0.2573484426280968,0.6566052822120829,0
GILD,5862410.0,101116952576,0.00035066300449894026,0.09237211859910399,0.01684118303665326,0.26734549259462465,0.21347701824037227,0.09665285623271695,0.34551590042764485,0.5656544537852727,0
GIS,3496133.3333333335,49789997056,0.0005286439969171076,0.1424591487211866,0.014998059690391119,0.23808681653566374,0.45008434435988565,0.2936696602229333,0.5983495885831511,0.3567244523716234,0
GL,527253.3333333334,10499575808,0.00035802927217429194,0.09440105199350346,0.019192699287706186,0.30467465581990244,0.19398086077904342,0.053642571047330376,0.30984215519818387,1.0570159275824886,0
GLW,3927353.3333333335,28424632320,0.0003544873581401176,0.09342501420694926,0.021357900594609555,0.3390461609986526,0.17143687465961385,0.04602169740354919,0.27555249094037243,1.2108422190149761,0
GM,14831330.0,47724580864,0.0002766275203771997,0.07218700783524401,0.02636996115863727,0.41861015584912137,0.08811780440544091,0.027254410470556625,0.17244447328043852,1.2653734657919267,0
GNRC,1329440.0,6794009600,0.0010859264440275507,0.3145639157255873,0.030137370324380314,0.47841592228660984,0.5837262154462443,0.20083700978533064,0.6575113851188633,1.3785502782655437,4
GOOG,32860216.666666668,1294083424256,0.0007023018782224037,0.1935331664869635,0.020020401848200718,0.317814026627502,0.49787974484972214,0.1330655906835839,0.6089509910580395,1.1711004000840346,0
GOOGL,38690806.666666664,1297417109504,0.0006923302543164969,0.19053984733873697,0.02003145003556595,0.3179894111647407,0.48819187648456597,0.13004584567857966,0.5992018622281231,1.1752766614052,0
GPC,1472013.3333333333,22718121984,0.0006698404818002695,0.18381620503355323,0.018812706045080646,0.2986424501006692,0.49730440191436276,0.15431286221418716,0.6155059502478323,0.9468828647008249,0
GPN,2056490.0,26267611136,0.00028343052107911864,0.07402617928066291,0.023205851116370697,0.3683814660930448,0.1051252108076511,0.02797711521415257,0.20094979279431385,1.2984247661920076,4
GRMN,952010.0,18512070656,0.000626375143348123,0.17092861399781856,0.017584770731862355,0.2791495813115704,0.485863576655119,0.14327517270930543,0.6123190770866249,0.9298792769081452,4
GS,3039646.6666666665,106293682176,0.000464396682706346,0.1241203275844629,0.020744331512953434,0.32930605378533034,0.269719692557986,0.07390557996708522,0.3769148066296257,1.1693342724994686,0
GWW,275150.0,33969545216,0.0010643066912003059,0.3074290623013931,0.020221176192872933,0.3210012205413699,0.8477508647551131,0.28722269948625906,0.9577192939731278,0.9390938208708576,0
HAL,9198830.0,28289914880,0.0003329551444133275,0.08751005644290744,0.034882282944895364,0.5537390750062975,0.09428638649406071,0.03441328325027782,0.15803482252342804,1.4474078535504258,0
HAS,2149166.6666666665,6977345536,-7.597039016160237e-05,-0.0189631589812036,0.02291570328781207,0.3637755121061756,-0.14916660735911697,-0.058426999537113916,-0.052128739703811613,0.9698112076628221,3
HBAN,26297916.666666668,16119996416,0.00027566523891237846,0.07192711120537743,0.024673094482332795,0.3916732324479151,0.0935144609614039,0.029684193038551913,0.18364060968844056,1.1530416596107385,0
HCA,1214340.0,70555852800,0.0011253710885129181,0.32768133005844446,0.0241308722133635,0.3830657207738315,0.7632667560746615,0.2753809892831467,0.855418045228623,1.0530186953475051,0
HD,4549820.0,285021077504,0.0005662364718455089,0.15332745960117045,0.018034781409827564,0.2862932793588875,0.41226067152353674,0.11348344275602743,0.5355608065425957,1.018892772311749,0
HES,1921646.6666666667,39680929792,0.0013251894242423026,0.3961614621202134,0.031965882093358045,0.507442646747029,0.711137434808688,0.27587615006952365,0.7807019466334062,1.2993564758311924,0
HIG,2846306.6666666665,20974819328,0.0004908972826524465,0.13164888755484538,0.02252164872340072,0.3575200898236417,0.26949223357594415,0.09520273251128612,0.36822794383326946,0.9868297377253107,0
HII,431630.0,8257433600,0.00018272630637493334,0.04711925048830956,0.01918644109392588,0.30457531007350763,0.03880567497561457,0.012330573759834129,0.1547047607927825,0.7638939332240994,0
HLT,1697513.3333333333,35307421696,0.0006326268892552719,0.17277363327237794,0.021552000033758945,0.342127394072291,0.401820011066784,0.13384877910526424,0.504997951832735,1.0091510298061845,0
HOLX,1375273.3333333333,19437084672,0.0006533470218046079,0.178909299129558,0.018990090452382907,0.3014583402697634,0.4763819073675241,0.1706046488746684,0.5934793476586482,0.8276990109061731,0
HON,3184773.3333333335,125556875264,0.0004108202842618391,0.10905183992120637,0.01702431240258743,0.2702525811547132,0.27289966891744577,0.07237528278439269,0.4035182178658889,0.9858592212173434,0
HPE,12687620.0,19373254656,0.0004191449831874656,0.11137991061066566,0.023080302061003317,0.3663884366259978,0.20764823069000551,0.06549588416083885,0.30399406606917595,1.1249548205155797,0
HPQ,7261670.0,27224610816,0.0006190471956968804,0.16876966551174455,0.02406748398634021,0.3820594638653139,0.3493426498624731,0.10836533042975972,0.4417366443545037,1.209516595316445,0
HRL,2187000.0,21402232832,0.00023446743492324797,0.06085890508703762,0.01409459795221521,0.22374480606601013,0.11423239509522792,0.06335691767960265,0.272001420533904,0.36553080445221026,3
HSIC,958716.6666666666,10456770560,0.0004434492420147836,0.11820468431617481,0.018783705302551367,0.2981820775852571,0.2780337604042297,0.10028982553169366,0.39641780375742863,0.8027203546259403,0
HST,8399650.0,10880553984,0.00021874337038393953,0.0566645555156684,0.02552164287152899,0.4051435205272205,0.052733301739261,0.016805383075244058,0.1398629192981534,1.128481001043351,0
HSY,1034250.0,51600703488,0.0008073689983122965,0.2255318331892433,0.014634578947865991,0.23231673862916824,0.8188468653259536,0.3466873500895519,0.9707945906956139,0.5417902705152782,0
HUM,876596.6666666666,60462505984,0.0007720057919650039,0.2146675319489051,0.020610767309420096,0.32718578778567253,0.5482130906810726,0.2123749497066567,0.6561028625409792,0.8332787468265057,0
HWM,3943650.0,16953076736,0.000725491133294325,0.2005232208463339,0.028801366375168534,0.4572075170853226,0.36137468145673657,0.12071112906456526,0.43858251090152767,1.3488666878365785,0
IBM,5420953.333333333,115930021888,0.0002395902618790022,0.062228982843433034,0.01714922772823607,0.27223555047435494,0.09891795100423445,0.02883208827108922,0.22858507176965895,0.8507529046388557,0
ICE,3224320.0,55466172416,0.0004364287168555529,0.11622900487022125,0.0159026822321225,0.2524472541904901,0.3205778772668066,0.09446013836327644,0.46040906740272125,0.8313454355551868,0
IDXX,391676.6666666667,40468467712,0.001093279170966581,0.3169992563194597,0.021602223887346887,0.3429246730311531,0.8214610334960315,0.2597542074828391,0.9243990918398042,1.0752443974864654,0
IEX,374163.3333333333,16833762304,0.0005804199115321729,0.15745471873250128,0.016574993006137618,0.26311985686125017,0.4642550364297157,0.13258904869980867,0.598414428355102,0.9032021868083143,0
IFF,2124243.3333333335,22721370112,-9.815859315131259e-05,-0.024433722920881862,0.020614047186072525,0.3272378542133923,-0.18253915967169682,-0.06853908812143673,-0.0746665540257106,0.9065443475231837,0
ILMN,1381450.0,33786720256,0.0003450432484792433,0.0908267567434935,0.02707544090560839,0.4298092996419915,0.12918928648064237,0.04545492943333037,0.21131873325948833,1.1687787750592715,4
INCY,1507426.6666666667,15676667904,-2.5131956271680975e-05,-0.006313319287149177,0.02192402544780309,0.34803311443403084,-0.11956712611907773,-0.059316536121573914,-0.018139995952442214,0.7420075777341484,4
INTC,47558193.333333336,121172729856,4.276318625481868e-05,0.010834363736774488,0.023926886205905815,0.37982754329381146,-0.06441248586414489,-0.02177894338193642,0.028524428857424077,1.2335601315492661,4
INTU,1841306.6666666667,117641347072,0.001048762168804187,0.30232297759981086,0.023193141040378895,0.36817969989173055,0.7252517661303257,0.19392399733705717,0.8211288609576085,1.3645705597738507,0
INVH,3512830.0,18086967296,0.00043128456002646985,0.11478357068318745,0.018368593945105146,0.29159238907605023,0.2725845175007546,0.08712217719804521,0.39364391864580095,0.8847755320434876,0
IP,3140420.0,12133911552,1.8642788934003388e-05,0.004708991637057736,0.02110575468699211,0.33504346880470204,-0.0913045954069138,-0.03171633833317195,0.014054867727633941,1.0401896970697004,0
IPG,3511643.3333333335,13571206144,0.0008398586396002554,0.2355986027451782,0.022551439653865187,0.35799300618364693,0.5595042341202245,0.17421187891323361,0.6581095124085145,1.1359650328077902,0
IQV,1145946.6666666667,35342589952,0.0007097093794244944,0.19576162924606488,0.02078702793629465,0.329983838493527,0.4862711761237134,0.13373171173748186,0.5932461121119571,1.181930801546481,0
IR,2663633.3333333335,22661392384,0.0006577113656525959,0.18020574378386534,0.023355200259479472,0.3707523102401633,0.3908424567604159,0.1260556273359174,0.48605427075325014,1.1304988662196815,0
IRM,1518240.0,14568072192,0.0006880084893256227,0.18924484759311322,0.02022037463523414,0.32098849620832753,0.4795961519231522,0.17779234325195123,0.5895689404092842,0.8523699323674336,0
ISRG,1566370.0,87385620480,0.000795485209611738,0.22187013511772347,0.022847990376242248,0.36270060295880446,0.5143915769528349,0.1436716690180481,0.6117170286119527,1.2818820605097023,0
IT,487400.0,24882743296,0.0009298094836114626,0.26390119555062763,0.021547847495107676,0.34206147456480596,0.6683044205474169,0.21464006792640655,0.7715022449879245,1.0538628585795315,0
ITW,1112076.6666666667,71361642496,0.0005069987213628684,0.13624765274422668,0.017528777105372553,0.2782607100473905,0.36278083501991465,0.09804127162582556,0.4896402827442738,1.0051649790950665,0
IVZ,5115756.666666667,7103210496,-5.6328408271988184e-05,-0.01409488245832935,0.02850430649788219,0.45249183772655244,-0.10916193031570089,-0.034226625874293794,-0.031149473389721336,1.5132920974611856,0
J,693766.6666666666,14473273344,0.0006176791800520302,0.16836706228019271,0.018941591370620358,0.3006884412148113,0.4425413286343449,0.1324663246410683,0.5599385915866036,0.9864172093114918,0
JBHT,700610.0,17775800320,0.0005108716862091394,0.13735659253163401,0.01945855005099849,0.30889490585307133,0.33039260472679394,0.1100553659876395,0.44467095419491615,0.9055132536002526,0
JCI,3810920.0,40481419264,0.0005975346106777467,0.162454539379983,0.018575402482043295,0.29487537282251103,0.43121450992287114,0.13058426233355563,0.5509261008302864,0.9553566191714468,0
JKHY,732310.0,10928167936,0.0003767257150621078,0.0995675899559636,0.016734376753116197,0.2656499954064359,0.24192580864771432,0.08367129384746763,0.374807422087956,0.7394123732417467,0
JNJ,8724160.0,473654132736,0.0002642105786579205,0.06883820799521212,0.013029677506832617,0.20683971807870724,0.16214587946039488,0.054806931413987556,0.3328094267128019,0.568143612347273,0
JNPR,3593746.6666666665,10677721088,0.00037795404040231,0.09990787215328178,0.017824823394965564,0.2829602992003496,0.22832839919898545,0.07131976114220931,0.3530808824970254,0.872238930094582,0
JPM,16877243.333333332,379340259328,0.00044939832411122017,0.11988156981759701,0.020093690961589222,0.31897745523450843,0.26516472694101106,0.07388834296323495,0.37583085528556087,1.1122399897164912,0
K,2313740.0,22715461632,0.0002282453825804783,0.05919721125506028,0.01487033787804519,0.23605929562086903,0.1012339344324792,0.06006297773499494,0.2507726336273406,0.35791118032656577,0
KDP,8728990.0,49422655488,0.0008461414209992738,0.2375547768203674,0.016929444773169263,0.268746604225249,0.7525854229988644,0.38251795403844785,0.8839359198796117,0.5224716244306783,0
KEY,27634656.666666668,11440505856,0.00020853994432467576,0.05395166151687136,0.028513383926446798,0.45263593743770786,0.04120676237608337,0.011637998958265571,0.11919438350892374,1.3964309135230732,0
KEYS,1413733.3333333333,27666769920,0.0012172200480409308,0.35873336805129763,0.021179709271613407,0.33621746144002823,0.9619767119352577,0.29393498070964436,1.0669682844990656,1.0921917740999383,0
KHC,6489386.666666667,47104532480,-0.00013449254053696135,-0.03332641957587279,0.019992104417449814,0.31736481884044826,-0.21623827060167616,-0.10523800451864124,-0.10500981078380742,0.6749122610291569,0
KIM,5006666.666666667,11300630528,0.00053459254913616,0.14417210808512948,0.026081487752375093,0.4140307824921688,0.2629565546546983,0.09700914173936716,0.34821591577639865,1.0975471607736342,0
KLAC,1084036.6666666667,51377467392,0.0014201373839286546,0.4299232128412147,0.027953272549078832,0.4437444449716269,0.8893028798736782,0.2496040686705403,0.9688531714886123,1.5713814880114056,0
KMB,1668596.6666666667,44398825472,0.0003076919160413172,0.08061079945937677,0.014487798712367444,0.22998667462611633,0.19701489024543453,0.0927739048203535,0.35050204360936893,0.4625309190388055,3
KMI,13611850.0,38350880768,0.0003573541134330948,0.09421493300229833,0.02029957457414308,0.32224575626155494,0.18282609423870663,0.06112208602677879,0.29236981766744374,0.9246237600192184,0
KMX,2192090.0,9208058880,0.0002791294647740365,0.0728630362473619,0.02659089615859122,0.42211739024385064,0.08898718014356699,0.02963246781116236,0.1726132064951649,1.1866388068467324,3
KO,14918853.333333334,265721937920,0.0004440181764292589,0.11836494334394065,0.01343757326372499,0.2133148624801613,0.38940063705906036,0.12488737653299391,0.5548837149354693,0.6459014960781873,0
KR,6764960.0,35018010624,0.0006886829368530306,0.18944685068918532,0.019730483671142475,0.31321171824518224,0.492149053531002,0.46891383736025144,0.604852371905467,0.3236135055076293,0
L,1025026.6666666666,13131688960,0.0003056001166198564,0.08004149799213467,0.020072138542972087,0.31863532119563104,0.14041600229456339,0.03873814174618873,0.25120095817309585,1.0930183040155883,0
LDOS,999806.6666666666,12498281472,0.0005013850112084002,0.13464219967275137,0.01822752598878427,0.2893530046937393,0.3433252741850682,0.11992837971211556,0.4653215881247236,0.8083341066181181,0
LEN,2516330.0,28760168448,0.000750722593801236,0.20817519445811006,0.02717058191638572,0.43131961636599225,0.40080531443164974,0.14206996468957386,0.4826471752248452,1.199938317930903,0
LH,690026.6666666666,19530178560,0.0004344381597441928,0.11566946563113367,0.01963597462941501,0.3117114337188348,0.2578329087011525,0.08451941315959823,0.37107867443665243,0.9225036321999034,0
LHX,1120453.3333333333,36462243840,0.0004802293397106178,0.12861220949368213,0.018490331988798035,0.29352492060829166,0.31790217096492146,0.12898759008807661,0.43816453208521544,0.7048136137096951,0
LIN,3093516.6666666665,170961960960,0.0008237190686354801,0.230587576220165,0.017227261034015014,0.27347429080078295,0.7140984830724934,0.20015280743752933,0.843178258347292,0.9637015772580061,0
LKQ,1986573.3333333333,14767772672,0.0005353522020731959,0.1443910436886502,0.02461848713969409,0.39080636775763444,0.27914346512466487,0.0895350214042448,0.36946952660248583,1.1916124217689865,0
LLY,3395216.6666666665,321559953408,0.0012921278975314705,0.3845927350906504,0.018698534168902426,0.29683002775415784,1.1767432619045655,0.5216963272067203,1.2956665402099408,0.6649322929835297,0
LMT,1415606.6666666667,119990444032,0.0005471007110501442,0.14778233781801808,0.016741807186031864,0.26576794987220637,0.42323514882853575,0.16397303019536105,0.5560577860839832,0.6713441697507424,0
LNC,4103910.0,3514720000,-0.0002483359572816443,-0.06067000866244521,0.03501913544510258,0.5559115410973717,-0.17263539532386754,-0.05312941208609002,-0.10913608402999217,1.8515169808965337,3
LNT,1846403.3333333333,13051641856,0.00038691330703431113,0.10239302681187956,0.015285912130564317,0.24265633236155204,0.2764940282370731,0.10843078642284046,0.42196725638841537,0.5966296929693048,0
LOW,3369963.3333333335,114280144896,0.000858444923330505,0.24139447069080022,0.02127519690456941,0.337733280620531,0.6102284924723277,0.18475552609586016,0.7147488404082548,1.1025081359954214,0
LRCX,1149000.0,65454751744,0.0012543457235550852,0.3714890421450552,0.030259911163968964,0.4803611978086136,0.6998671909361843,0.2011812659300071,0.7733535594460411,1.6591457489942607,0
LUV,6740620.0,18203009024,-0.00026825896395494116,-0.06537540020480659,0.024521533917682827,0.38926728307214503,-0.25862795200835786,-0.09843050383683045,-0.16794475941788872,1.0471896026832905,2
LVS,4472500.0,41714024448,0.00030026517454298946,0.0785908991149924,0.028165655850817126,0.44711592536576084,0.09682253898601019,0.03510295338636467,0.17577298113615955,1.164884864954867,0
LW,1329283.3333333333,14628804608,0.000757901876229703,0.2103613277864691,0.022060035193422308,0.3501922022107685,0.49990070218955296,0.20613746846615622,0.6007024898283141,0.8376028340273167,0
LYB,2158816.6666666665,29358837760,0.00036848098024873247,0.09728626864074186,0.025633375561278756,0.40691722198958585,0.15233139638982462,0.0484858621187037,0.23908122680349883,1.2289410982290467,0
LYV,2098920.0,15713449984,0.00076234770492745,0.2117170834606268,0.028911750128917342,0.45895980485252946,0.38438460535190483,0.13894719964964122,0.46129765879749446,1.2523971976363333,0
MA,2805640.0,337762582528,0.0008777594127967153,0.24744611164825558,0.02061133646543961,0.32719482285738155,0.6483785708942171,0.1701094088185417,0.756265363514364,1.2330071164493608,0
MAA,784490.0,17194518528,0.0005569688552954093,0.1506385843982041,0.0174445817121891,0.27692414961598616,0.4164988303047799,0.1370799479828259,0.5439705587508216,0.8238884392657753,0
MAR,2009890.0,48985075712,0.00045732616015066533,0.12212010613812474,0.024900218610368466,0.3952787162050637,0.2196427547925044,0.07498652171334998,0.3089468294942826,1.1258037339141613,0
MAS,1905506.6666666667,10814248960,0.000321128397773058,0.0842747881163941,0.01989298245301454,0.31579130643628867,0.15508592896072912,0.04550287859628614,0.2668686135392288,1.023556960640188,0
MCD,2736013.3333333335,201783459840,0.0005540590961652012,0.14979564530301626,0.014962130278497682,0.23751645480392672,0.48205352929140877,0.15519318836089116,0.6306748112532866,0.7222974570400957,0
MCHP,4899373.333333333,42651394048,0.000849282634570855,0.23853396506828095,0.02746239323397586,0.43595197742257785,0.4661842945863778,0.1293687986483549,0.5471565159046514,1.5524142387236648,0
MCK,961226.6666666666,48542142464,0.0008151962032361928,0.22794956255356014,0.018958697411690678,0.3009599911983448,0.6401168533614033,0.24507118654898088,0.7574081911882172,0.7763032661350261,0
MCO,813483.3333333334,53879250944,0.000771677762389263,0.21456720491970582,0.02029180491015856,0.32212241666951347,0.5565188749456944,0.14579343483529977,0.6661045422984158,1.2131355922817069,0
MDLZ,6311670.0,94872731648,0.0005511598336491419,0.14895635876260638,0.01377475749219311,0.21866749616740028,0.5197679616525955,0.1602405563997815,0.6812002760966964,0.6943083652620049,0
MDT,6165190.0,105781698560,0.00020487610609749586,0.05297921141106121,0.016502602635314105,0.2619706953501616,0.06748545438424094,0.017986206094255146,0.20223335033808593,0.8494960710998105,3
MET,6100376.666666667,42922885120,0.00046600898443776185,0.12457693805205983,0.021867769931705746,0.34714008580121586,0.257178417888572,0.07233965483346692,0.35886647249202097,1.20095870310771,0
META,29891816.666666668,520290992128,0.00048094136733740114,0.128814638344239,0.02784089448682423,0.4419604985383569,0.21159048976890196,0.07073287482196326,0.29146188125466477,1.288151210785328,4
MGM,4504843.333333333,15590615040,0.0007870019510544334,0.2192628949758837,0.0341023145423296,0.5413574604642336,0.3398177884500361,0.11203128201809524,0.40502424181585645,1.6206446244769181,0
MHK,553703.3333333334,6114483200,-0.00034878082675593084,-0.08415496058525562,0.029962264404478755,0.4756362019836815,-0.25114774713753596,-0.09788476688926981,-0.17693136105763219,1.2448817569653265,0
MKC,1417063.3333333333,21771096064,0.0004789930804230856,0.12826082791113502,0.016042464143679578,0.2546662232450816,0.365030064555019,0.15525229427825535,0.5036428713504791,0.5833139428447015,3
MKTX,341826.6666666667,14386794496,0.0007531065802243241,0.20890069571067627,0.02225287305498689,0.3532534083611128,0.49143388740700616,0.22721907095105384,0.5913621518327371,0.7534609440752237,4
MLM,442280.0,21494056960,0.0005877953617549911,0.15960672189802172,0.02206236256638758,0.35022914811121375,0.354929686944699,0.11788438008371473,0.4557208409373719,1.0341210753405206,0
MMC,1774943.3333333333,80268877824,0.000708371114311922,0.195358720857157,0.014982001344718754,0.23783189820096662,0.6729909741623821,0.18565131252396186,0.82141513537465,0.8492195326483787,0
MMM,3698586.6666666665,56106455040,-0.0003539943989162516,-0.08535784860140772,0.01713349184217423,0.2719857510272816,-0.44361827097811857,-0.14576753285539784,-0.3138320602421774,0.8442061561368521,4
MNST,4232186.666666667,53912707072,0.0005539571015782305,0.14976610926694045,0.01811822558606232,0.28761791459093033,0.3979797622472227,0.12638840109796884,0.5207120338103693,0.8866803305793338,0
MO,9313836.666666666,79207448576,7.11316632721948e-05,0.01808615039112471,0.01665333906689397,0.26436356201902733,-0.0651143050025795,-0.032973653028947926,0.06841393062264374,0.5948339903879039,0
MOH,500060.0,15487264768,0.0012349659774256777,0.36481572103305737,0.024248236825616287,0.3849288262342739,0.8560432437775102,0.37333753762640554,0.9477485087360661,0.8761929569493175,0
MOS,4856193.333333333,14687657984,0.0009361914143335979,0.2659335979098405,0.032346244714528696,0.5134807161688824,0.4491572724105685,0.18654669999193732,0.5179037684102156,1.2234662844194237,0
MPC,4154043.3333333335,58104733696,0.0010875420032353722,0.31509862994394644,0.02973717698992558,0.4720630500507323,0.5927145323360442,0.21360888706018988,0.6674926790183705,1.298628693598231,0
MPWR,476740.0,22471768064,0.0015732187827696793,0.4860767709226954,0.030300718998014203,0.481009002091175,0.937148304840355,0.2680377182309007,1.0105357047570596,1.672812221660691,0
MRK,9003373.333333334,267897389056,0.0007551474814009264,0.20952213306584433,0.014643576204727556,0.23245956565399306,0.7494728495069424,0.3109932569683715,0.901327215666013,0.552494722042539,0
MRO,11563746.666666666,14652049408,0.0009970302227868071,0.2854726177053517,0.037564914627433194,0.5963245327533647,0.41952427573329637,0.18322846888516572,0.47872023038740386,1.3522604822978548,0
MS,8450220.0,142763065344,0.000724232039131367,0.20014264100613155,0.022222897692573212,0.35277756423467904,0.46727076129045697,0.1250199690796751,0.5673338139865102,1.299333556086604,0
MSCI,438666.6666666667,43466203136,0.0013861098649812953,0.4177311690930705,0.022405382631372064,0.3556744228311387,1.075228199005569,0.30430893646239304,1.1744762689652106,1.2488334174834044,0
MSFT,32058943.333333332,2048757202944,0.0011265330073262987,0.3280696994230792,0.019545858292667032,0.310280881222239,0.9435634521528337,0.23606726993273877,1.057331338401411,1.230029472132297,0
MSI,715510.0,45639180288,0.0010712233088507447,0.3097074472500094,0.018327339746111688,0.2909374989696071,0.943183495499408,0.29126083122946866,1.064515397110646,0.9338964188964682,0
MTB,2403626.6666666665,20044288000,0.00011869457233512254,0.030361031897433,0.024145381617725576,0.38329605042751386,-0.012885517857693188,-0.00677350086305602,0.07921039588999014,1.0834822717149333,0
MTCH,3976196.6666666665,11031901184,0.0007537777397698414,0.20910502308135692,0.03321013631344021,0.5271945701515093,0.3296790841973344,0.1402877744083418,0.39663728520812097,1.2218101242553094,4
MTD,88020.0,32523382784,0.000844104659813607,0.236920283799388,0.019450581103162085,0.3087684027279554,0.6529822417646416,0.19110933704618893,0.7673074113355111,1.0424413944319149,0
MU,13995883.333333334,64685150208,0.0006956532674941248,0.19153653016116223,0.029932718766636026,0.47516717952332965,0.3288032862831415,0.10253523932991702,0.4030929290051234,1.500328386284625,4
NCLH,15837946.666666666,5253028352,-6.441045088815648e-05,-0.016100928085685418,0.04623274660012208,0.73392209958834,-0.07003594538782305,-0.02891474621026387,-0.02193819765710352,1.8606744010289011,2
NDAQ,2413060.0,25887817728,0.0007661534262206051,0.21287883987659706,0.017038602574338882,0.27047943059859364,0.6565336206291185,0.18580264317599537,0.7870426205995715,0.942822108890371,0
NDSN,275506.6666666667,12253853696,0.0005167050758070145,0.13902889249188566,0.01999873623610394,0.3174700956978416,0.32673594740908024,0.0901917950785341,0.43792752254753825,1.1234823788977033,0
NEE,8897350.0,149539504128,0.0007417288184771012,0.20544208616868476,0.01708081347917362,0.27114950793944004,0.6274843995169086,0.22742897757243122,0.7576708795450563,0.7375581069710544,0
NEM,9024933.333333334,38660759552,0.0005247903461795166,0.1413508058460491,0.0212625459632746,0.33753245315342933,0.31419439776904196,0.282015922243535,0.4187769339672841,0.36753529737424323,4
NFLX,6613346.666666667,144078651392,0.0008334557670834356,0.2336082063875924,0.029899566291420095,0.47464090029472417,0.4178068225145676,0.17107156710550464,0.49217883718519706,1.1451827425347094,4
NI,4277236.666666667,11228467200,0.0003254906797674593,0.08546699575929684,0.01703201509354335,0.2703748575828853,0.18554608297451547,0.06987587208533555,0.31610555997462275,0.6835978476370448,0
NKE,6476680.0,182764519424,0.0007250302133699735,0.2003838870335557,0.020812395716320112,0.33038653951709407,0.49966892499569987,0.14960887108446577,0.6065134715428923,1.0873946568429627,0
NOC,957060.0,70251323392,0.0005362999519377343,0.14466424822944668,0.018092870762108842,0.28721541923863003,0.3807742931050039,0.1685072752971302,0.5036785581113034,0.63477525252744,0
NOW,1293556.6666666667,87103234048,0.0012778117752514913,0.37961297824011564,0.02747447077963432,0.4361437025161397,0.789448469056765,0.2544321642543674,0.8703850956693978,1.3438276534026952,0
NRG,4876806.666666667,7581292544,0.00042385202948342667,0.11269842850605927,0.022153178922133258,0.3516708130648951,0.22008772303710245,0.08064857684083636,0.32046568642949225,0.9299411278400124,3
NSC,2000506.6666666667,46601920512,0.0005124174390266505,0.13779948636564154,0.019595247333951557,0.31106490794662356,0.32951157056658315,0.09409830480574803,0.4429927093842643,1.063775660701668,0
NTAP,2063603.3333333333,13001145344,0.0004748180811943061,0.12707497438099802,0.023633133584354697,0.3751643649922263,0.24462604379523006,0.07901185275318638,0.3387181359392466,1.131159076350019,0
NTRS,1275396.6666666667,17650526208,0.0002170383052098342,0.056210728059508774,0.021392080985363035,0.33958875788054493,0.06157662046888023,0.01588051839314921,0.1655258802156274,1.1656249249076294,0
NUE,1817296.6666666667,37347438592,0.0010227922303489105,0.29383661263810246,0.024901989745936083,0.39530683211056433,0.6540150375285994,0.21912020228126272,0.7433127605442412,1.168931983319938,0
NVDA,52338623.333333336,658137219072,0.0018213222213040974,0.581787817709138,0.03285902135365816,0.5216207929604427,1.0476726102262206,0.30841493453397373,1.1153462928638622,1.7641422537831208,0
NVR,23893.333333333332,17580644352,0.0006030095825209313,0.16405851308039,0.02382204798144424,0.37816328807489813,0.34048390507670956,0.12204155743586104,0.4338298249826328,1.035372833117094,0
NWL,5600780.0,4876343808,-0.0001632534223091665,-0.040308327799530974,0.027984229734855707,0.4442358750607631,-0.17019860854144023,-0.07011439563146099,-0.09073631838945369,1.1125864681136595,0
NWS,1029430.0,9587901440,0.00027842379521692424,0.07267232050287853,0.021643070376642905,0.343573090946797,0.10877545852002045,0.03389054974983177,0.21151924413699788,1.031919539843172,0
NWSA,3226153.3333333335,9559608320,0.0002884594764942043,0.07538776242768841,0.02150667397115223,0.3414078651348883,0.11741897747976593,0.036783082756718766,0.22081436934062176,1.0245949932188432,0
NXPI,1826363.3333333333,44951289856,0.0007367080815170639,0.20391901943828183,0.02789386334187347,0.4428013530445095,0.38080059665339955,0.11586955689643495,0.4605203169236574,1.434535730440823,0
O,3921176.6666666665,40331415552,0.0004433817243961962,0.11818566728401891,0.019391438197181934,0.30782953820173253,0.2692583296853753,0.09518183051125263,0.3839321852426238,0.8455990691889845,0
ODFL,710340.0,36531933184,0.001243474920656149,0.36774174214550137,0.021314332402151633,0.338354537384755,0.98252485311722,0.3123269533769178,1.086853290007248,1.0567187320115958,0
OKE,2860050.0,27271536640,0.000831572611598369,0.23302341683441186,0.030132882704275485,0.4783446835259544,0.41334925137447176,0.15059201216808735,0.48714540970071907,1.2970370341847637,0
OMC,2144183.3333333335,17871020032,0.0004890093166318956,0.13111087745761263,0.019707044005748176,0.3128396250924949,0.3062619622731134,0.1047569107023153,0.419099330587831,0.8916917922776058,0
ON,7352493.333333333,33058510848,0.0015423976601121052,0.4745970490862139,0.0345122057834996,0.5478642821965501,0.8018355336561492,0.24729736743679182,0.8662675492978185,1.7666870198199056,0
ORCL,7779103.333333333,242577031168,0.0007383190099143616,0.20440749401285796,0.01864127627228012,0.29592108682381424,0.5714614521997256,0.1791685785706135,0.6907500111154913,0.9304505027769453,0
ORLY,462203.3333333333,51250446336,0.001072733768482579,0.3102055296819306,0.01829391915628567,0.29040696355351464,0.9466216867464078,0.3448684453272664,1.0681752458210858,0.7901724074040283,0
OXY,16614880.0,55871733760,0.0007629811956857872,0.2119103895788328,0.03913591438410534,0.6212633807487496,0.28427619436700274,0.12536519266663856,0.3410958961132352,1.3896232747958963,0
PARA,11779860.0,14073650176,-0.0001546182298042721,-0.038217366430107425,0.03247856794320496,0.5155812823034094,-0.1425912246109119,-0.0652474369834779,-0.07412481356842054,1.163530246396213,2
PAYC,498810.0,16469470208,0.0013780003430604523,0.41484084327894055,0.030071763079181177,0.47737443955660414,0.7950589973595286,0.24492694789306863,0.8690051433508963,1.5398095086033345,4
PAYX,1813196.6666666667,39283695616,0.0006470760738070355,0.17704897355325944,0.018021670143428852,0.2860851444573029,0.49547827386197935,0.1293467372884203,0.618868113159519,1.0773288640635434,0
PCAR,3104280.0,37540347904,0.0005874076084892287,0.1594934843631639,0.017298460653868385,0.2746045497262291,0.4522630250918288,0.13825015657876752,0.5808115143109361,0.8809645310873302,0
PCG,14971866.666666666,35862958080,0.0004686337268664764,0.12532067107872114,0.04983078213239282,0.7910391429489138,0.11380052666310948,0.08761114985002763,0.15842537274645901,1.0001086759928366,2
PEAK,5493310.0,11421213696,0.00023891096647392452,0.06204720694097454,0.02075497355994123,0.3294749910439525,0.08118129651123178,0.026451445500262013,0.1883214466274842,0.9204490144303598,0
PEG,2826023.3333333335,29866346496,0.00037111783591928607,0.09801537438292707,0.015581559651427363,0.24734959125717043,0.253549537171952,0.0908017373346239,0.39626252820858743,0.6642535281087405,0
PEP,4718090.0,247130718208,0.0005299771476188009,0.14284282377724788,0.013814150412069065,0.2192928393838511,0.4904073661475306,0.15508323843330957,0.6513793344944346,0.6779767100521469,0
PFE,22021256.666666668,225719566336,0.0003942695917163827,0.10443772106501625,0.016399227837367386,0.26032967130697016,0.2655775683114195,0.10846820783122046,0.4011748662405352,0.6152744882524657,0
PFG,2287370.0,17578850304,0.0004730367836062522,0.12656939817403656,0.024209936286872923,0.38432082403070544,0.23748231286771118,0.06760978749938205,0.32933265714460547,1.314445754985531,0
PG,6734990.0,345283756032,0.0005629565406404719,0.15237511657042324,0.013637753745325531,0.21649262911002634,0.5407810744028753,0.1959185387824684,0.7038351245343454,0.5853203953187346,0
PGR,2702816.6666666665,83624394752,0.0009785621867740505,0.279509874612794,0.01671728147285525,0.2653786162454554,0.9202319239878698,0.3383615930120404,1.0532494236621848,0.7146492971032599,0
PH,997553.3333333334,42037899264,0.0006987089836098136,0.19245377512702966,0.022866755071579373,0.362998483262544,0.4329323189302856,0.11726376577280798,0.5301779043187754,1.3197066809781333,0
PHM,2866283.3333333335,12846291968,0.0008027823162535753,0.22411726622161998,0.02645591431433948,0.41997461989545687,0.4495920878947917,0.1538396233206661,0.5336447861478126,1.2117636678883985,0
PKG,768610.0,12091142144,0.00036098811124536217,0.09521707827416992,0.019265692849552072,0.30583339269162063,0.19591411437071488,0.06442900875788109,0.3113364352929886,0.8927202107099671,0
PKI,945590.0,16217394176,0.0006249858300885842,0.17051899176478003,0.019832424597167716,0.3148299802772767,0.42949846023460064,0.13941922298372866,0.5416224706891025,0.9526591019681774,0
PLD,3127663.3333333335,107720441856,0.0007397151850858605,0.20483100961481848,0.01884712083383243,0.2991887679354295,0.5666356086315595,0.16851631303430872,0.6846213212757534,0.9917794105831866,0
PM,4974450.0,146259099648,0.00028100125805206806,0.07336907467180809,0.017170533937188055,0.27257377605596605,0.1396652136630766,0.05234793148028943,0.26917143583447156,0.6813846060992605,0
PNC,4122746.6666666665,50703654912,0.00024938697081567306,0.0648539797249259,0.021645930493099343,0.34361849388798354,0.08600811728882156,0.023224591813663344,0.18873832718115488,1.1691908276704717,0
PNR,1571073.3333333333,8824290304,0.0003631510114388134,0.09581397380896495,0.020490804236836913,0.32528143304627477,0.18603574523835853,0.052141353933891625,0.2945571559730997,1.1145466970927878,0
PNW,1067860.0,8779062272,0.00024011094367571987,0.06236833555220067,0.01689696392374556,0.26823098672556545,0.10091427497858417,0.036754900739864774,0.23251726548659885,0.6711577247015966,2
PODD,1319513.3333333333,21647824896,0.0015426760022753214,0.4747003249196249,0.02804557869035601,0.44520975953744735,0.986951241536443,0.44544857284227496,1.0662397100477243,0.9810342911893413,0
POOL,398090.0,12803721216,0.0009722070884924747,0.27746439251226507,0.021619707252048467,0.3432022128416392,0.7056026547940845,0.25037031876157184,0.8084574694752712,0.9576390432309717,0
PPG,1388723.3333333333,29706887168,0.00030550832177885976,0.08001652206862242,0.01930458317123752,0.3064507574091426,0.14591747935842547,0.04267814779866349,0.26110727460788197,0.9915266770304312,0
PPL,6400970.0,19956606976,0.0002518493330566346,0.06551477728372479,0.01713747766878377,0.27204902406314885,0.1110637223852391,0.03719646865304171,0.24081974750446927,0.7477800525413657,0
PRU,3071810.0,29137737728,0.00019416294216679562,0.05014086460256917,0.024035375630520373,0.38154975951827513,0.03889627560323056,0.009286290941078312,0.13141369730090885,1.3397022214258294,0
PSA,1133556.6666666667,49711525888,0.0005365878385636761,0.1447472491639188,0.015753204545290844,0.25007436947503153,0.4376588028340364,0.1796133664659892,0.5788168114460485,0.5959870986783647,0
PSX,4069010.0,45824733184,0.00046465463174758475,0.12419336740118347,0.026283498739316135,0.4172376074934611,0.2130521453595877,0.07975300616974608,0.2976562159563476,1.084515450327869,0
PTC,704796.6666666666,14574732288,0.0008165839981858097,0.22837873127477892,0.023768650745785158,0.37731563323738465,0.5117167545329488,0.1680922923293749,0.6052723798250271,1.134369271977957,0
PWR,1010693.3333333334,23512481792,0.0013333999114523896,0.399049327614438,0.0220399790400729,0.34987382064665384,1.039658603041916,0.3362463772488915,1.1405521192665848,1.074656418816864,0
PXD,3369653.3333333335,46476742656,0.0007099438839000585,0.1958322448940617,0.030027345515323694,0.47666933258974276,0.3367790497909538,0.1293209131910173,0.41083457966575243,1.2227894235519956,0
PYPL,12685020.0,82250596352,0.00036249649821258135,0.09563331362165672,0.027017800854752926,0.42889429220126746,0.14067175693106235,0.04277084977791571,0.22297641950613514,1.3545046199098434,4
QCOM,7056043.333333333,135294107648,0.0009317444154996226,0.26451705426574623,0.02600747104831313,0.41285580374129305,0.5551988180584716,0.17405976280715554,0.6407008254908777,1.3030987208516513,0
QRVO,1217126.6666666667,9750184960,0.0006563066734555905,0.1797883198185204,0.027793401020809943,0.44120656313851103,0.32748452060800415,0.09931780797955327,0.4074923966216663,1.4306429300954,4
RCL,3515593.3333333335,15798566912,0.0003514972724742593,0.09260171755663893,0.040643541175156665,0.6451962141028705,0.08881285460782742,0.03229732873086052,0.14352489294345805,1.6998841611374387,2
RE,316893.3333333333,13856950272,0.0006398955013392315,0.1749223914540372,0.019405786628982166,0.3080573124952156,0.45323511499570607,0.1629838709549651,0.5678241819263872,0.8419384731140286,0
REG,990380.0,10049381376,0.00029898793412718464,0.07824389872017523,0.02340513324755537,0.3715449718521664,0.11558196711988376,0.04042013100573752,0.21059065428910612,1.003062031501584,0
REGN,624643.3333333334,90409320448,0.000796507063002221,0.22218456549402532,0.02091668848002647,0.3320421358149579,0.5628338856312299,0.27483008856730873,0.6691456942616628,0.671267714738749,0
RF,15304900.0,17111829504,0.0005219585334028165,0.1405370350154267,0.02614879331233543,0.4150992251332108,0.253522600485835,0.07878824805510691,0.3385625086877156,1.305233173144037,0
RHI,1062550.0,8217357824,0.0005531385156069033,0.1495290869512551,0.02189697939264349,0.34760377161864503,0.32861866377150667,0.10502796604805334,0.4301710716628903,1.064755332880483,0
RJF,1718726.6666666667,19756392448,0.00065104961246554,0.17822741507676043,0.022520038171648705,0.35749452310718516,0.3998030902249864,0.1126371245451842,0.4985458617035196,1.2476118832418177,0
RL,852483.3333333334,7627218432,0.0004985150774855226,0.1338223064231976,0.027090140160561105,0.4300426430803684,0.22909892311489977,0.08185754092677497,0.31118380601662393,1.1742633034772332,0
RMD,628336.6666666666,31304837120,0.000967227114442367,0.2758637908329986,0.02105931293434836,0.33430622883703,0.7195911116279871,0.2540450773351138,0.8251829222346877,0.937486344279106,0
ROK,680503.3333333334,31998924800,0.0005642951555831373,0.15276369490445152,0.02129025506149076,0.33797232145103234,0.3475541855029405,0.10050507280039972,0.45200060835924083,1.144854599856515,0
ROL,1454570.0,18157615104,0.0006396921275455527,0.17486221649278066,0.017751150879446374,0.28179078427320364,0.4952689168055666,0.19195181561060803,0.6205391597308133,0.7145658719427112,0
ROP,614526.6666666666,45896974336,0.0005456073548710228,0.14735071480019424,0.016806791933322806,0.2667995507542716,0.4199808975817785,0.11865501329217501,0.5522899659449111,0.9241136278851643,0
ROST,2469733.3333333335,35518427136,0.0004952563473568955,0.13289205579516428,0.02383891460195334,0.3784310373748492,0.2578859717008252,0.08478595159927999,0.3511658470643095,1.1227338255878307,0
RSG,1594033.3333333333,41499082752,0.0006748859883550997,0.18532133370939707,0.013855058222160106,0.21994223073693803,0.6820942626922346,0.21108908743156984,0.8425909525808652,0.6993319053371362,0
RTX,4722773.333333333,141638729728,0.0004449706632447596,0.11863329368960995,0.02050215500256681,0.32546162086614355,0.25604645324335623,0.07811879267491136,0.3645077824349731,1.0360284755860354,0
SBAC,986143.3333333334,27088617472,0.0005325774283623521,0.1435915427511938,0.01849997644609484,0.2936780216215168,0.3687424144076965,0.1358728160967704,0.4889420800316142,0.7793431077175617,0
SBUX,5789910.0,113458896896,0.0006747333684739626,0.1852757776196623,0.019247120413397913,0.3055385644077934,0.4908571129485769,0.14248360934608847,0.6063908102035203,1.035738624933378,0
SCHW,31756696.666666668,98487345152,0.0003869219765539508,0.10239543430198017,0.02393059036035915,0.37988634492281925,0.17661975798475152,0.05736885925688885,0.2695422872406315,1.1277099656502503,0
SEDG,1281036.6666666667,15597524992,0.002389683540798156,0.8248209315481059,0.041687618558638784,0.6617704287400747,1.1930435348271025,0.5557554883182677,1.246385295756503,1.416307977326426,0
SEE,1188870.0,6285381120,0.00019492641419468904,0.05034288653385399,0.021615867335446237,0.34314125605533086,0.04383875814521224,0.014735075675341916,0.14671184430745424,0.8580130032865017,0
SHW,1595453.3333333333,54634979328,0.0005497486260608792,0.14854805930277482,0.018948278044548433,0.3007945888726825,0.3764963316900271,0.12074207791768807,0.4938521662224809,0.9180565815534649,0
SJM,1079140.0,16684269568,0.000419067565314856,0.1113582376569422,0.015657990068762177,0.2485628865183832,0.3059919311458313,0.2191706226648589,0.44800830573194345,0.33607714739021144,0
SLB,9852170.0,68010864640,0.0002935840599490851,0.07677700537786825,0.030627190381409788,0.4861915746350386,0.08531000441339015,0.0326583693154939,0.15791512930988402,1.1965387800097294,0
SNA,320680.0,12712128512,0.000513895428562422,0.13822312510573576,0.019571002803635794,0.31068003795940907,0.3312833543530816,0.10342636501620024,0.4449050734434211,0.9719294020435724,0
SNPS,890513.3333333334,56331939840,0.0013430681358520455,0.40245755017244966,0.02126766273130088,0.337613679327713,1.0875079200095419,0.3067006797192333,1.1920652947885868,1.1892948868139583,0
SO,5027510.0,74470547456,0.0005886886542560526,0.15986763651638491,0.01638378602900075,0.26008454019858274,0.4789505613108476,0.1838639688554676,0.6146756604384134,0.6644457708427847,0
SPG,1716940.0,38957412352,0.00026443356912639505,0.06889825567507923,0.029443389419732985,0.46739931695666304,0.07188340773333746,0.02565304567663039,0.14740769439649704,1.2161618572838884,3
SPGI,1493003.3333333333,109576937472,0.0007388310614102377,0.20456280242804348,0.018775882895318625,0.29805790072010685,0.5678856424174804,0.15487451850205344,0.6863190069238911,1.0774064322649117,0
SRE,1554860.0,45754204160,0.0005214273867683471,0.14038446513422698,0.017543921160930533,0.27850111447647463,0.3773215246616315,0.13787723575177466,0.5040714662780477,0.7447528562227161,0
STE,587440.0,18398392320,0.0007636264486332331,0.21210731643914915,0.017684579643749566,0.28073399866845955,0.6298037190997823,0.19698810571731057,0.7555455251062877,0.8853697831352001,0
STLD,2118573.3333333335,18741465088,0.0011624370793633285,0.3401265061383114,0.027687062585669026,0.4395184928133672,0.6935464858079361,0.24380937263622943,0.7738616501916779,1.2404219857024956,0
STT,3085980.0,25360545792,0.00020055151868118447,0.051832536229309056,0.024486170407499674,0.3887059047515595,0.042532248744396595,0.010930556281595076,0.13334640816027146,1.2929384255681013,0
STX,2164780.0,12477828096,0.0007597711012126228,0.2109311638560274,0.024391074262481778,0.38719630024940976,0.4535972160449256,0.15566776327958526,0.5447654425420841,1.1128261896131801,0
STZ,1040500.0,40468344832,0.0002051548915498895,0.053053174777497825,0.018497006992221426,0.29363088300264445,0.06046085682798543,0.019190938513775027,0.180679818944726,0.8000220920137647,0
SWK,1909773.3333333333,11748502528,-0.00019122619608098455,-0.04705073081528144,0.02536572545441497,0.4026684082627372,-0.2045125197940743,-0.06243140296401441,-0.11684733604574535,1.3575016224468308,4
SWKS,1735796.6666666667,18032033792,0.0005177319507786203,0.13932352756715471,0.02621149654268249,0.4160946080566031,0.2499997009165857,0.07024298523605671,0.3348361763635302,1.4467427206523382,4
SYF,5540770.0,12306906112,0.0002678391597922811,0.06981574308035476,0.028284210605070612,0.44899792374475544,0.07687283449438875,0.02199585631365524,0.15549235171974501,1.4600815090984662,0
SYK,1197826.6666666667,105091514368,0.00066315271696827,0.18182410662531479,0.01946326000585589,0.3089696740685054,0.4742345897443228,0.13431908761014663,0.5884852847564592,1.0729979572495805,0
SYY,2085700.0,38760640512,0.0005453124156908475,0.14726548798810613,0.023314398197693622,0.37010459758937897,0.30252390464040874,0.10537721054798328,0.3979023469238099,1.0397455713464319,0
T,29143610.0,133471158272,0.00012344534185807434,0.031595163043607544,0.01601417672238656,0.2542171743532457,-0.014573511667014377,-0.008968347572670553,0.12428414061319361,0.6807092284197215,2
TAP,1795603.3333333333,11160995840,-5.401693757220818e-05,-0.013520402984991242,0.020587264630361514,0.32681269432207594,-0.14938343532298176,-0.06949203470802076,-0.041370495148719044,0.7370686899613746,0
TDG,330893.3333333333,39299166208,0.001155696076218234,0.3378545529076662,0.025433558109578525,0.403745218280729,0.7493699967420947,0.2427997663282935,0.8368013727725483,1.2362225773389846,0
TDY,173880.0,20159031296,0.0008401231746507023,0.23568090485827908,0.019882449822745337,0.3156241061142265,0.6348719916398271,0.19238522326229127,0.7467138925471827,1.0290858180327023,0
TECH,935286.6666666666,11264036864,0.000851862039358836,0.23933860162006093,0.021032257750265425,0.3338767411044789,0.6111195435330184,0.21096625125970836,0.7168471838688684,0.955786057798578,0
TEL,1750670.0,39335608320,0.0004750815414042209,0.1271497700708928,0.01971502532761708,0.31296632464928703,0.2934813199912818,0.0773932670255513,0.40627300784957615,1.1557823245962862,0
TER,1567746.6666666667,16261762048,0.0010880995256789833,0.3152832077666665,0.02839873827992219,0.4508159942201059,0.6210587276323827,0.18955422480914685,0.6993611846272096,1.4644000050442127,4
TFC,17051723.333333332,44386439168,0.00012869690575208393,0.03296110142997599,0.024302033113744726,0.3857828158333512,-0.0060627339374140325,-0.0038727578608592364,0.08543952731221285,1.223649590365198,0
TFX,391396.6666666667,11565172736,0.00020713262380628477,0.0535780269841204,0.020584351901057455,0.32676645617782596,0.055936056588909835,0.016531609736477177,0.163964280822519,0.9604646635884079,4
TGT,3449336.6666666665,73552355328,0.000983338958825868,0.28104949639772414,0.02163007432115972,0.3433667849617972,0.7157054996599805,0.2863795305287954,0.8185110171008345,0.849744728432172,4
TJX,5386796.666666667,88060657664,0.0007727620529668877,0.21489886394704305,0.020118495565740736,0.3193712161182342,0.5623514420928712,0.17929119941211197,0.6728811273570925,0.9883299600207394,0
TMO,1169063.3333333333,213616869376,0.0009799099597382099,0.27994409432573253,0.017783506960285553,0.2823044211330107,0.8665967516338183,0.27725343518076584,0.9916390724672142,0.8737280177170477,0
TMUS,5373153.333333333,174115258368,0.0007758958547817907,0.2158579275321817,0.017960034350484787,0.28510670657736126,0.6332994747816949,0.22257535200263856,0.7571127670881727,0.8004387095390044,0
TPR,3059636.6666666665,9851451392,0.0005555537395505657,0.15022855732654827,0.032216275613048115,0.5114175206450415,0.22472549861332672,0.07575441623398971,0.2937493364268548,1.4854389079967412,0
TRGP,1865310.0,15923656704,0.0012313989143074324,0.3635909492330027,0.037431888760466936,0.5942128125817758,0.5524804283613847,0.2291243798106893,0.6118867542644332,1.4223320517103653,0
TRMB,1352250.0,12322905088,0.00043018031655810737,0.11447353725892362,0.0238322001182333,0.37832444825021666,0.20927417623975422,0.06042403980164361,0.3025803322739877,1.270579350717879,4
TROW,1998090.0,24274454528,0.00040623298352966735,0.10777103991900083,0.021735897906703026,0.34504668230295377,0.21003256555114672,0.053442990809592736,0.3123375631369699,1.3111362006039424,4
TRV,1552110.0,38499753984,0.00043044047528141885,0.11454657310814675,0.01780600705256638,0.2826615990249171,0.2803584688600061,0.0923516209249312,0.4052427832549312,0.8321085470780437,0
TSCO,930613.3333333334,25262854144,0.001090775709775195,0.3161695658611261,0.01941218378035217,0.30815886412496124,0.9114440587606493,0.349679333092105,1.0259953636541068,0.7963569462304414,0
TSLA,159852253.33333334,598616113152,0.0025238816086019062,0.8874314734317248,0.041418132527508984,0.6574924706190232,1.2960322916389457,0.5738127593951238,1.3497211193859242,1.4808514790215832,4
TSN,3277956.6666666665,20572962816,2.5687424405954072e-05,0.006494143911888406,0.019279189615674874,0.3060476472116079,-0.09412212885987196,-0.04778593637325566,0.021219388454890544,0.6530343121114723,0
TT,1478843.3333333333,41849712640,0.0009789480390695559,0.279634171858397,0.018687108848414954,0.29664865641420346,0.8236483347399323,0.24584719277128572,0.9426443228785452,0.9840835241241536,0
TTWO,1601320.0,19490398208,0.0003188126904052724,0.08364243746949618,0.02406418979064947,0.3820071701299078,0.12654850811584648,0.05427542505445169,0.21895515060895898,0.8464684969929677,4
TXN,4847953.333333333,161044135936,0.0007046998864403433,0.1942541268963529,0.0202462551087605,0.3213993359889075,0.49456893371378624,0.13338855035447805,0.6044011456920285,1.1736699025539499,0
TXT,1450673.3333333333,14170662912,0.0004523261064354506,0.1207077519701929,0.024792308534595124,0.39356569685833737,0.21701015269360513,0.06292771769192029,0.30670292897412055,1.3190968148023399,0
TYL,325540.0,13841769472,0.0006627828423470445,0.18171402879412502,0.019538117494329595,0.31015799985813924,0.47206271919825443,0.15717840492404211,0.5858756790965823,0.9162456436920905,4
UAL,7479096.666666667,13872013312,0.0002984253268579075,0.07809108498008488,0.03662906307980307,0.5814683499987394,0.0735914258792893,0.02818290954195401,0.134299803214146,1.4331765469408821,2
UDR,2572980.0,21081131008,0.0003156804090584238,0.08278768922675805,0.01864933511957611,0.2960490170586084,0.16040481977806054,0.05286904458452399,0.2796418311038293,0.8528183094868388,0
UHS,740983.3333333334,8741370880,0.0003689660429749865,0.0974203550674615,0.024484498084905378,0.38867935745338117,0.15982416836971414,0.054933683675682694,0.25064453050904884,1.0871354526311823,0
ULTA,644330.0,26693251072,0.0009946316527949803,0.28469663439101134,0.027036980575657996,0.4291987608316501,0.5810749171497148,0.21890344238242723,0.6633211937503273,1.1283359992096649,0
UNH,3030323.3333333335,440844812288,0.000823292333646887,0.23045535824831975,0.018578463017666164,0.2949239573193316,0.6617141585314262,0.2122373643943225,0.781406028669255,0.9082065205549456,0
UNP,4386326.666666667,120281997312,0.0005191467198351234,0.13972958310891914,0.018177261186895156,0.2885550757007481,0.36190520251745617,0.10629748057096881,0.48423886763935675,0.9598494955936399,0
UPS,3540433.3333333335,160826228736,0.0006129999229312594,0.16699101382224124,0.0187686169582085,0.2979425575442955,0.4420013539108544,0.14872936526870856,0.5604805677933891,0.8693038768010058,0
URI,997843.3333333334,26017294336,0.001006051190041238,0.2883952553101823,0.029042780524864625,0.4610398479037305,0.5489661174862938,0.16368484648258602,0.6255321673852408,1.5315727796271785,0
USB,16668340.0,54470451200,3.195472015753419e-05,0.008084969084544369,0.02160148998487883,0.3429130226906507,-0.0793642384938145,-0.02729455448655577,0.0235773171316331,1.085016094695476,0
V,6534283.333333333,463087370240,0.0006952537777052804,0.191416665872143,0.01825861278150251,0.2898464922292857,0.5386184413390985,0.13966320718715505,0.6604070465021226,1.1006239149739392,0
VFC,10723726.666666666,8243414528,-0.0004938425028337352,-0.11704324067780092,0.024682652908146276,0.3918249677536815,-0.3888043213559852,-0.13065712416247527,-0.29871307423007176,1.1843459870230575,4
VICI,7052186.666666667,31692552192,0.00078898497305772,0.2198718591970914,0.02167603156056533,0.344096333520259,0.5363958903858084,0.18206372380116045,0.6389834409094227,1.0005939425695205,0
VLO,4564803.333333333,50033598464,0.0008917372982316864,0.2518439997274573,0.030038018993391452,0.47683876880129106,0.4541241482353039,0.17992864762657484,0.5281533637891052,1.1901606695332543,0
VMC,917030.0,22344949760,0.00044804769539366147,0.11950064443631492,0.021766110339087597,0.3455262897985053,0.24368809819194012,0.08666485988414135,0.3458510914061042,0.943873267038922,0
VRSK,1242373.3333333333,29034893312,0.0006568878532800276,0.17996100770801715,0.0163770787415499,0.2599780653111821,0.5564354344081467,0.15911992316438,0.6922161202046483,0.8940489970011698,4
VRSN,605600.0,21407901696,0.0006480982842919072,0.17735202066822575,0.01875980230051957,0.29780262919147305,0.477000559242521,0.1378909264643245,0.5955354428862237,1.01277164675775,3
VRTX,1112023.3333333333,80533757952,0.0007557399573955066,0.20970259664021573,0.021005751886316027,0.33345597355870876,0.5230153617551259,0.20840347829814848,0.6288764132854713,0.8253345771616319,0
VTR,2252983.3333333335,17223741440,0.00031348740252467564,0.08218965338269957,0.027384667984862148,0.4347181273441053,0.10786219951114119,0.041936923449613014,0.1890642423513238,1.0608707011174447,0
VTRS,9819466.666666666,11405598720,-0.0007616942048418081,-0.17470970284219478,0.025451722746138668,0.40403357294669306,-0.519782802479889,-0.24002966506181478,-0.432413825336355,0.8849310471165844,2
VZ,19453343.333333332,159595429888,4.190283626413387e-06,0.0010565069721755194,0.012510032477792041,0.1985906089774734,-0.1724325898598196,-0.08167717699044602,0.005320024837102752,0.44863809423911355,3
WAB,1027466.6666666666,17734012928,0.0004164783055521073,0.11063362282827782,0.023150482119819064,0.36750251052173194,0.20498804952741415,0.06704352962065592,0.3010418151190714,1.0878547600484205,0
WAT,440186.6666666667,17655375872,0.0005151508701515362,0.13858309793845258,0.01918277686300731,0.30451714221096654,0.3391700617855498,0.10872254467127458,0.4550912862647435,0.9278949296438492,0
WBA,6735763.333333333,29169885184,-0.00026072779307519236,-0.06359946375204584,0.02076161291135497,0.3295803874801977,-0.3000769084234057,-0.12166515030326126,-0.19297102063109597,0.8326087092281386,3
WBD,17924796.666666668,35186835456,0.00011645321050151472,0.02977929280340952,0.030705408629787184,0.48743325083420064,-0.011326078364867924,-0.007835007945560706,0.061094093914284234,1.0109379915917418,4
WDC,3661370.0,11051941888,-6.654716304823352e-05,-0.016630602049484744,0.03156903399405272,0.5011428784728457,-0.10362434403484912,-0.03674958144219268,-0.0331853504536748,1.478400567226789,0
WEC,1502690.0,29404852224,0.0005107917950383928,0.13733370653595967,0.015985302401138036,0.25375880871344947,0.4020893188034256,0.18269249646924146,0.5411977902648502,0.545362882775726,0
WELL,2579193.3333333335,33741586432,0.0005247177337817961,0.14132993218342071,0.025009247510852532,0.3970094963434616,0.2670715263991869,0.10632299163023608,0.3559862761095092,0.974670958693665,0
WFC,26862973.333333332,140432211968,1.9353582340481208e-05,0.004888967748761797,0.023478641470772294,0.3727118787198676,-0.08159394424371247,-0.027668443507968547,0.013117284497488134,1.185864764737799,0
WHR,838173.3333333334,6924468736,0.0002450689249433024,0.06369617775020764,0.025194139031883223,0.3999445582484917,0.07100028532595926,0.021505159876231424,0.15926251885800688,1.2088344332161842,0
WM,1846923.3333333333,63190093824,0.000609473604182292,0.16595508143432336,0.013918176680684954,0.220944205203305,0.5913487584528375,0.19177196598807242,0.7511176013039916,0.6687895218339702,0
WMB,7722540.0,35187044352,0.0004415339929502541,0.11766535972391656,0.022376080383001696,0.3552092640588804,0.2318784110041214,0.08455759083321976,0.3312564497315927,0.945691083863058,0
WMT,7595236.666666667,387123740672,0.0004686185722798349,0.12531637554996333,0.014640957342037292,0.23241799249761547,0.38730381663926844,0.16957162015349145,0.5391853453482051,0.5166924481269652,3
WRB,1662170.0,16183487488,0.000753257596195235,0.20894666791466698,0.017725929290369726,0.2813904039590036,0.6171023086486132,0.19670007168775433,0.7425507941099118,0.8705978927476316,0
WRK,2524160.0,7407826944,-0.00015035823598560523,-0.037184163001907966,0.026044491486944633,0.413443484985566,-0.1753181889041945,-0.06043833521975542,-0.08993771664634195,1.239017632263151,0
WST,623193.3333333334,25237655552,0.0011486810928025956,0.3354943321812176,0.020493839774908124,0.32532962071926497,0.9227390101077294,0.346760439482059,1.0312443467012924,0.8587898107004942,0
WTW,574210.0,24447928320,0.0005320912647613074,0.14345152077631362,0.01707688085199258,0.27108707941831905,0.398954907804452,0.12443806002362336,0.529171368418305,0.8498326055246902,0
WY,4065743.3333333335,20813301760,0.0003155495066392043,0.08275198272410367,0.024289931894061062,0.38559071492629005,0.12306308447591806,0.034110347213787855,0.2146109320602355,1.320771742419938,0
WYNN,2371293.3333333335,12187846656,0.0003403325271460467,0.08953304573756204,0.03537899629566946,0.5616241550005006,0.09656466028871873,0.035526771391663846,0.15941808225374896,1.4589855398378355,0
XEL,3153150.0,35959992320,0.0004666202795641026,0.12475010763542671,0.015217946288160991,0.2415774080616748,0.3702751360449652,0.1443955143920798,0.5163980714768575,0.6028588076431375,0
XOM,17251730.0,436083392512,0.0005964778381466686,0.16214519584544917,0.021206836242808273,0.3366480887576524,0.3767887003712147,0.13587566614319782,0.4816459717440277,0.915875516034621,0
XRAY,2231090.0,8129915392,-0.00016142555207394389,-0.039866097820922985,0.022107784562249343,0.3509501999418283,-0.2141788146391771,-0.08897795638177733,-0.11359474315025603,0.8717451037885211,4
XYL,1492930.0,18022391808,0.0005349389869568782,0.14427194794413079,0.019944859984232018,0.31661483671368934,0.3441782737511846,0.09719657177100731,0.45567020624050547,1.096457889432681,0
YUM,1550560.0,35993878528,0.0005467813574706243,0.1476900218277959,0.016383256646062862,0.2600761365049709,0.4321427691834685,0.13939632317096323,0.5678722539196635,0.7890453587710355,0
ZBH,1190956.6666666667,26497472512,0.0002566909579498912,0.06681526316552233,0.01970486497369175,0.3128050340309741,0.1007504986713279,0.031448015361742764,0.21360034493212873,0.9258219582575542,0
ZBRA,318940.0,14915073024,0.0011133172816138407,0.3236590336410432,0.025912428221686136,0.4113470456423592,0.7010115587210356,0.21579582622579557,0.7868271744497826,1.3251369993682507,4
ZION,5591746.666666667,4435565568,3.0507411908798643e-05,0.007717377161139627,0.02582420216812781,0.40994650046112724,-0.06728346944743797,-0.02687025275283107,0.018825327579229865,1.1158295798204347,0
ZTS,2076886.6666666667,76477390848,0.000817787462797245,0.22875101770082273,0.017665992634759122,0.2804389390480281,0.6898151104033817,0.19982664560957547,0.8156892137637375,0.956083795121604,0
SPY,104041810.0,363074584576,0.0004542645696900819,0.12125509513846144,0.013457011226277652,0.21362343056961008,0.40236735693865106,0.0834916034248304,0.5676114029961239,1.0007604562737642,0
